@type,country,countryCode,county,countyId,data_max_gap,data_max_year,data_min_year,data_nyears,data_success,externalIds,geometry,icaoCodes,id,masl,municipality,municipalityId,name,shipCodes,shortName,stationHolders,validFrom,wigosId,wmoId
SensorSystem,Norge,NO,TRØNDELAG,50.0,1.0,2019,2000,20,True,"['01245', '10.249.0.148']","{'@type': 'Point', 'coordinates': [9.6667, 62.6043], 'nearest': False}",,SN63705,604.0,OPPDAL,5021,OPPDAL - SÆTER,,Oppdal,['MET.NO'],1999-12-01T00:00:00.000Z,0-20000-0-01245,1245.0
SensorSystem,Norge,NO,MØRE OG ROMSDAL,15.0,40.0,2019,1961,20,True,['76'],"{'@type': 'Point', 'coordinates': [7.2173, 62.288], 'nearest': False}",,SN60650,34.0,NORDDAL,1524,LINGE,,Linge,['NIBIO'],1961-01-01T00:00:00.000Z,0-578-0-60650,
SensorSystem,Svalbard og Jan Mayen,SJ,SVALBARD,21.0,5.0,2019,1979,35,True,"['1005', '10.249.0.29', 'ENSA']","{'@type': 'Point', 'coordinates': [16.72, 77.8953], 'nearest': False}",['ENSA'],SN99760,9.0,SVALBARD,2100,SVEAGRUVA,,Sveagruva,['STORE NORSKE SPITSBERGEN KULKOMPANI AS'],1978-05-01T00:00:00.000Z,0-744-0-99760,1005.0
SensorSystem,Norge,NO,TRØNDELAG,50.0,1.0,2019,2008,12,True,"['01242', '10.249.0.162']","{'@type': 'Point', 'coordinates': [10.2237, 63.9678], 'nearest': False}",,SN71780,30.0,ÅFJORD,5058,ÅFJORD II,,Åfjord,['MET.NO'],2007-11-29T00:00:00.000Z,0-20000-0-01242,1242.0
SensorSystem,Norge,NO,TRØNDELAG,50.0,5.0,2019,1984,31,True,"['01240', '10.249.1.51']","{'@type': 'Point', 'coordinates': [9.4052, 64.1727], 'nearest': False}",,SN71850,16.0,FRØYA,5014,HALTEN FYR,,Halten fyr,['MET.NO'],1983-09-01T00:00:00.000Z,0-20000-0-01240,1240.0
SensorSystem,Norge,NO,AGDER,42.0,1.0,2018,1970,49,True,"['01436', '10.249.1.145']","{'@type': 'Point', 'coordinates': [7.048, 57.9815], 'nearest': False}",,SN41770,16.0,LINDESNES,4205,LINDESNES FYR,,Lindesnes fyr,['MET.NO'],1863-01-01T00:00:00.000Z,0-20000-0-01436,1436.0
SensorSystem,Norge,NO,TROMS OG FINNMARK,54.0,1.0,2019,1964,56,True,"['01049', '10.249.0.50', 'ENAT']","{'@type': 'Point', 'coordinates': [23.3582, 69.9775], 'nearest': False}",['ENAT'],SN93140,3.0,ALTA,5403,ALTA LUFTHAVN,,Alta LH,"['AVINOR', 'MET.NO']",1963-12-01T00:00:00.000Z,0-20000-0-01049,1049.0
SensorSystem,Norge,NO,TRØNDELAG,50.0,2.0,2018,2002,16,True,"['01277', '10.249.0.113']","{'@type': 'Point', 'coordinates': [11.4493, 64.0217], 'nearest': False}",,SN71000,6.0,STEINKJER,5006,STEINKJER - SØNDRE EGGE,,Steinkjer,"['NVE', 'STEINKJER KOMMUNE', 'MET.NO']",1984-05-05T00:00:00.000Z,0-20000-0-01277,1277.0
SensorSystem,Norge,NO,TRØNDELAG,50.0,8.0,2019,1975,34,True,['01228'],"{'@type': 'Point', 'coordinates': [8.4667, 63.8467], 'nearest': False}",,SN65940,5.0,FRØYA,5014,SULA,,Sula,['MET.NO'],1975-01-01T00:00:00.000Z,0-20000-0-01228,1228.0
SensorSystem,Norge,NO,VESTFOLD OG TELEMARK,38.0,19.0,2019,1920,82,True,"['01455', '10.249.0.109']","{'@type': 'Point', 'coordinates': [8.5187, 59.0257], 'nearest': False}",,SN37230,252.0,NISSEDAL,3822,TVEITSUND,,Tveitsund,['MET.NO'],1944-06-01T00:00:00.000Z,0-20000-0-01455,1455.0
SensorSystem,Norge,NO,NORDLAND,18.0,1.0,2019,2006,14,True,"['01162', '10.249.0.19', 'ENSK']","{'@type': 'Point', 'coordinates': [15.0293, 68.58], 'nearest': False}",['ENSK'],SN86600,3.0,HADSEL,1866,STOKMARKNES LH - SKAGEN,,Stokmarknes LH,['AVINOR'],1972-06-01T00:00:00.000Z,0-20000-0-01162,1162.0
SensorSystem,Norge,NO,NORDLAND,18.0,1.0,2012,2010,3,True,"['01114', '10.249.0.116']","{'@type': 'Point', 'coordinates': [13.646, 66.9035], 'nearest': False}",,SN80740,9.0,MELØY,1837,REIPÅ,,Reipå,['MET.NO'],1995-07-01T00:00:00.000Z,0-20000-0-01114,1114.0
SensorSystem,Norge,NO,VESTFOLD OG TELEMARK,38.0,1.0,2019,2017,3,True,"['10.249.1.71,']","{'@type': 'Point', 'coordinates': [10.398, 59.1208], 'nearest': False}",,SN27420,32.0,FÆRDER,3811,TJØME,,Tjøme,['FÆRDER KOMMUNE'],2016-06-20T00:00:00.000Z,0-578-0-27420,
SensorSystem,Norge,NO,NORDLAND,18.0,,2012,2012,1,True,"['01146', '10.249.0.81']","{'@type': 'Point', 'coordinates': [13.904, 66.2348], 'nearest': False}",,SN79220,5.0,RANA,1833,SKAMDAL,,Skamdal,['BANE NOR'],2011-08-30T00:00:00.000Z,0-20000-0-01146,1146.0
SensorSystem,Norge,NO,VESTLAND,46.0,1.0,1926,1921,6,True,,"{'@type': 'Point', 'coordinates': [6.1469, 60.8028], 'nearest': False}",,SN52170,450.0,VAKSDAL,4628,EKSINGEDAL,,Eksingedal,['MET.NO'],1895-07-01T00:00:00.000Z,0-578-0-52170,
SensorSystem,Norge,NO,VESTLAND,46.0,1.0,2019,2006,14,True,"['01332', '10.249.1.70']","{'@type': 'Point', 'coordinates': [6.7642, 61.4233], 'nearest': False}",,SN55820,3.0,SOGNDAL,4640,FJÆRLAND - BREMUSEET,,Fjærland,['MET.NO'],2005-11-20T00:00:00.000Z,0-20000-0-01332,1332.0
SensorSystem,Norge,NO,VESTLAND,46.0,1.0,2019,2005,15,True,['01337'],"{'@type': 'Point', 'coordinates': [6.4265, 60.6251], 'nearest': False}",,SN51530,54.0,VOSS,4621,VOSSEVANGEN,,Vossevangen,['MET.NO'],2004-01-22T00:00:00.000Z,0-20000-0-01337,1337.0
SensorSystem,Norge,NO,ROGALAND,11.0,1.0,2019,2004,16,True,"['01408', '10.249.0.63', 'ENHD']","{'@type': 'Point', 'coordinates': [5.2115, 59.3445], 'nearest': False}",['ENHD'],SN47260,24.0,KARMØY,1149,HAUGESUND LUFTHAVN,,Haugesund LH,['AVINOR'],1975-04-01T00:00:00.000Z,0-20000-0-01408,1408.0
SensorSystem,Norge,NO,NORDLAND,18.0,1.0,2019,2004,16,True,"['01161', '10.249.0.18', 'ENSH']","{'@type': 'Point', 'coordinates': [14.6693, 68.2453], 'nearest': False}",['ENSH'],SN85450,9.0,VÅGAN,1865,SVOLVÆR LUFTHAVN,,Svolvær LH,['AVINOR'],1972-06-01T00:00:00.000Z,0-20000-0-01161,1161.0
SensorSystem,Norge,NO,TROMS OG FINNMARK,54.0,1.0,2019,2005,15,True,"['01065', '10.249.0.20', '10.249.0.221']","{'@type': 'Point', 'coordinates': [25.5023, 69.4635], 'nearest': False}",,SN97251,131.0,KARASJOK,5437,KARASJOK - MARKANNJARGA,,Karasjok,['MET.NO'],2004-07-08T00:00:00.000Z,0-20000-0-01065,1065.0
SensorSystem,Norge,NO,VIKEN,30.0,1.0,2019,2007,13,True,['01359'],"{'@type': 'Point', 'coordinates': [8.1948, 60.53], 'nearest': False}",,SN25630,772.0,HOL,3044,GEILO - OLDEBRÅTEN,,Geilo,['MET.NO'],2006-07-01T00:00:00.000Z,0-20000-0-01359,1359.0
SensorSystem,Norge,NO,MØRE OG ROMSDAL,15.0,1.0,2019,2004,16,True,"['01209', '10.249.0.153', '10.249.0.58', 'ENOV']","{'@type': 'Point', 'coordinates': [6.0807, 62.181], 'nearest': False}",['ENOV'],SN59680,74.0,ØRSTA,1520,ØRSTA-VOLDA LUFTHAMN,,Ørsta-Volda LH,['AVINOR'],1971-06-01T00:00:00.000Z,0-20000-0-01209,1209.0
SensorSystem,Norge,NO,TROMS OG FINNMARK,54.0,2.0,2019,1965,54,True,"['01025', '10.249.0.39', 'ENTC']","{'@type': 'Point', 'coordinates': [18.9133, 69.6767], 'nearest': False}",['ENTC'],SN90490,8.0,TROMSØ,5401,TROMSØ - LANGNES,,Tromsø LH,['AVINOR'],1964-09-30T00:00:00.000Z,0-20000-0-01025,1025.0
SensorSystem,Norge,NO,TROMS OG FINNMARK,54.0,2.0,2019,2004,15,True,['01180'],"{'@type': 'Point', 'coordinates': [16.5362, 68.8029], 'nearest': False}",,SN87640,45.0,HARSTAD,5402,HARSTAD STADION,,Harstad,['MET.NO'],2002-08-01T00:00:00.000Z,0-20000-0-01180,1180.0
SensorSystem,Norge,NO,MØRE OG ROMSDAL,15.0,1.0,2018,1984,35,True,['1226'],"{'@type': 'Point', 'coordinates': [8.5473, 62.6785], 'nearest': False}",,SN63420,6.0,SUNNDAL,1563,SUNNDALSØRA III,,Sunndalsøra,"['MET.NO', 'HYDRO ALUMINIUM SUNNDAL']",1954-06-01T00:00:00.000Z,,1226.0
SensorSystem,Norge,NO,ROGALAND,11.0,1.0,2019,2011,9,True,"['01426', '10.249.0.138']","{'@type': 'Point', 'coordinates': [5.8718, 58.4353], 'nearest': False}",,SN43350,49.0,EIGERSUND,1101,EIGERØYA,,Eigerøya,['MET.NO'],2010-04-15T00:00:00.000Z,0-20000-0-01426,1426.0
SensorSystem,Norge,NO,TROMS OG FINNMARK,54.0,,2012,2012,1,True,"['01035', '10.249.0.8']","{'@type': 'Point', 'coordinates': [20.094, 69.5588], 'nearest': False}",,SN91130,710.0,LYNGEN,5424,LYNGEN - GJERDVASSBU,,Lyngen,['MET.NO'],2011-11-17T00:00:00.000Z,0-20000-0-01035,1035.0
SensorSystem,Norge,NO,MØRE OG ROMSDAL,15.0,8.0,1984,1955,23,True,,"{'@type': 'Point', 'coordinates': [8.063, 63.4197], 'nearest': False}",,SN65370,30.0,SMØLA,1573,SMØLA - MOLDSTAD,,Smøla,['MET.NO'],1963-10-01T00:00:00.000Z,0-578-0-65370,
SensorSystem,Norge,NO,MØRE OG ROMSDAL,15.0,1.0,2019,2004,16,True,"['01217', '10.249.0.60', 'ENML']","{'@type': 'Point', 'coordinates': [7.2617, 62.7443], 'nearest': False}",['ENML'],SN62270,3.0,MOLDE,1506,MOLDE LUFTHAVN,,Molde LH,['AVINOR'],1972-03-01T00:00:00.000Z,0-20000-0-01217,1217.0
SensorSystem,Norge,NO,INNLANDET,34.0,1.0,2012,2011,2,True,"['01230', '10.249.0.95']","{'@type': 'Point', 'coordinates': [8.2, 62.2583], 'nearest': False}",,SN61630,579.0,LESJA,3432,BJORLI,,Bjorli,['BANE NOR'],2010-02-22T00:00:00.000Z,0-20000-0-01230,1230.0
SensorSystem,Norge,NO,TROMS OG FINNMARK,54.0,2.0,2012,2010,2,True,['10.249.0.120'],"{'@type': 'Point', 'coordinates': [20.11451, 70.10426], 'nearest': False}",,SN90760,57.0,KARLSØY,5423,FAKKEN,,Fakken,['MET.NO'],2003-01-21T00:00:00.000Z,0-578-0-90760,
SensorSystem,Norge,NO,VESTLAND,46.0,1.0,2012,2009,4,True,"['01326', '10.249.0.94']","{'@type': 'Point', 'coordinates': [5.9733, 60.8562], 'nearest': False}",,SN52310,125.0,MODALEN,4629,MODALEN III,,Modalen,['MET.NO'],2008-10-02T00:00:00.000Z,0-20000-0-01326,1326.0
SensorSystem,Norge,NO,VESTLAND,46.0,1.0,2019,2004,16,True,"['01323', '10.249.0.21', 'ENBL']","{'@type': 'Point', 'coordinates': [5.76, 61.391], 'nearest': False}",['ENBL'],SN57000,321.0,SUNNFJORD,4647,FØRDE LH - BRINGELAND,,Førde LH,['AVINOR'],1987-01-01T00:00:00.000Z,0-20000-0-01323,1323.0
SensorSystem,Norge,NO,MØRE OG ROMSDAL,15.0,1.0,2019,2013,7,True,['34'],"{'@type': 'Point', 'coordinates': [8.6895, 62.9853], 'nearest': False}",,SN64760,5.0,SURNADAL,1566,SURNADAL - SYLTE,,Sylte,['NIBIO'],2005-01-01T00:00:00.000Z,0-578-0-64760,
SensorSystem,Norge,NO,MØRE OG ROMSDAL,15.0,1.0,2019,2004,16,True,"['01223', '10.249.0.12', 'ENKB']","{'@type': 'Point', 'coordinates': [7.8158, 63.1093], 'nearest': False}",['ENKB'],SN64330,62.0,KRISTIANSUND,1505,KRISTIANSUND LUFTHAVN,,Kristiansund LH,['AVINOR'],1970-06-01T00:00:00.000Z,0-20000-0-01223,1223.0
SensorSystem,Svalbard og Jan Mayen,SJ,SVALBARD,21.0,,2012,2012,1,True,"['01016', '300134010234480', '300134010806050']","{'@type': 'Point', 'coordinates': [28.892, 78.9108], 'nearest': False}",,SN99740,20.0,SVALBARD,2100,KONGSØYA,,Kongsøya,"['MET.NO', 'UNIVERSITETET I OSLO']",2010-09-28T00:00:00.000Z,0-20000-0-01016,1016.0
SensorSystem,Norge,NO,NORDSJØEN,26.0,4.0,2011,2006,3,True,"['ENQA', 'LF4B']","{'@type': 'Point', 'coordinates': [3.7193, 60.6435], 'nearest': False}",['ENQA'],SN76931,128.0,NORDSJØEN,2600,TROLL A,['LF4B'],Troll A,['STATOIL ASA'],1998-01-04T00:00:00.000Z,0-20000-0-01309,1309.0
SensorSystem,Norge,NO,AGDER,42.0,1.0,2019,2017,3,True,['10.249.1.79'],"{'@type': 'Point', 'coordinates': [7.4128, 58.6172], 'nearest': False}",,SN41480,268.0,ÅSERAL,4224,ÅSERAL,,Åseral,['MET.NO'],1895-07-01T00:00:00.000Z,0-578-0-41480,
SensorSystem,Norge,NO,TROMS OG FINNMARK,54.0,1.0,2019,1980,40,True,"['01015', '10.249.0.114', '10.249.0.146']","{'@type': 'Point', 'coordinates': [17.8303, 69.6013], 'nearest': False}",,SN88690,14.0,SENJA,5421,HEKKINGEN FYR,,Hekkingen fyr,['MET.NO'],1979-11-01T00:00:00.000Z,0-20000-0-01015,1015.0
SensorSystem,Norge,NO,NORSKEHAVET,24.0,,2011,2011,1,True,"['1200', 'ENNE', 'LF5T']","{'@type': 'Point', 'coordinates': [8.085, 66.0256], 'nearest': False}",['ENNE'],SN76930,33.0,NORSKEHAVET,2400,NORNE,['LF5T'],Norne,['STATOIL ASA'],1998-02-11T00:00:00.000Z,0-578-0-76930,1200.0
SensorSystem,Norge,NO,TROMS OG FINNMARK,54.0,,2012,2012,1,True,['1512'],"{'@type': 'Point', 'coordinates': [18.8772, 69.6988], 'nearest': False}",,SN90560,63.0,TROMSØ,5401,KVALØYSLETTA,,Kvaløysletta ,['TROMSØ KOMMUNE'],2011-10-20T00:00:00.000Z,0-578-0-90560,
SensorSystem,Norge,NO,MØRE OG ROMSDAL,15.0,1.0,2012,2009,4,True,"['01214', '10.249.0.163']","{'@type': 'Point', 'coordinates': [6.7552, 62.6512], 'nearest': False}",,SN61060,43.0,VESTNES,1535,REKDAL,,Rekdal,['MET.NO'],2008-05-26T00:00:00.000Z,0-20000-0-01214,1214.0
SensorSystem,Norge,NO,NORDLAND,18.0,2.0,2019,2004,15,True,"['01117', '28']","{'@type': 'Point', 'coordinates': [12.4255, 65.8295], 'nearest': False}",,SN76530,21.0,ALSTAHAUG,1820,TJØTTA,,Tjøtta,"['NIBIO TJØTTA', 'NIBIO']",1984-09-01T00:00:00.000Z,0-20000-0-01117,1117.0
SensorSystem,Norge,NO,NORDSJØEN,26.0,4.0,2019,2001,12,True,"['1402', 'ENSL', 'LF4C']","{'@type': 'Point', 'coordinates': [1.9091, 58.3711], 'nearest': False}",['ENSL'],SN76926,85.0,NORDSJØEN,2600,SLEIPNER A,['LF4C'],Sleipner A,['STATOIL ASA'],1993-10-01T00:00:00.000Z,0-578-0-76926,1402.0
SensorSystem,Norge,NO,ROGALAND,11.0,2.0,2019,1929,89,True,"['01424', '10.249.1.86']","{'@type': 'Point', 'coordinates': [6.3499, 59.6479], 'nearest': False}",,SN46610,5.0,SAUDA,1135,SAUDA,,Sauda,['MET.NO'],1928-03-01T00:00:00.000Z,0-20000-0-01424,1424.0
SensorSystem,Norge,NO,AGDER,42.0,1.0,2019,2010,10,True,"['01430', '10.249.0.118']","{'@type': 'Point', 'coordinates': [7.4517, 58.0247], 'nearest': False}",,SN41090,10.0,LINDESNES,4205,MANDAL III,,Mandal,['MET.NO'],2009-08-26T00:00:00.000Z,0-20000-0-01430,1430.0
SensorSystem,Norge,NO,VESTLAND,46.0,1.0,2019,2006,14,True,"['10.249.0.42', '1407', 'ENSO']","{'@type': 'Point', 'coordinates': [5.3407, 59.7933], 'nearest': False}",['ENSO'],SN48120,49.0,STORD,4614,STORD LUFTHAVN,,Stord LH,['AVINOR'],1985-01-01T00:00:00.000Z,0-578-0-48120,1407.0
SensorSystem,Norge,NO,AGDER,42.0,,2012,2012,1,True,"['01440', '300125010101250']","{'@type': 'Point', 'coordinates': [6.8817, 59.3335], 'nearest': False}",,SN40510,1105.0,BYKLE,4222,BLÅSJØ,,Blåsjø,['MET.NO'],2011-10-03T00:00:00.000Z,0-20000-0-01440,1440.0
SensorSystem,Norge,NO,TROMS OG FINNMARK,54.0,2.0,2019,1941,78,True,"['01023', '10.249.0.36', '10.249.1.46', 'ENDU']","{'@type': 'Point', 'coordinates': [18.5437, 69.0577], 'nearest': False}",['ENDU'],SN89350,76.0,MÅLSELV,5418,BARDUFOSS,,Bardufoss,"['MET.NO', 'AVINOR']",1940-07-01T00:00:00.000Z,0-20000-0-01023,1023.0
SensorSystem,Norge,NO,INNLANDET,34.0,3.0,2019,1999,17,True,['01360'],"{'@type': 'Point', 'coordinates': [7.8955, 61.8957], 'nearest': False}",,SN15730,664.0,SKJÅK,3433,BRÅTÅ - SLETTOM,,Bråtå,['MET.NO'],1998-11-01T00:00:00.000Z,0-20000-0-01360,1360.0
SensorSystem,Norge,NO,VESTLAND,46.0,1.0,1901,1900,2,True,,"{'@type': 'Point', 'coordinates': [6.8238, 59.8304], 'nearest': False}",,SN46450,393.0,ULLENSVANG,4618,RØLDAL,,Røldal,['MET.NO'],1883-01-01T00:00:00.000Z,0-578-0-46450,
SensorSystem,Norge,NO,AGDER,42.0,1.0,2019,2008,12,True,"['01431', '10.249.1.28']","{'@type': 'Point', 'coordinates': [6.9097, 58.923], 'nearest': False}",,SN42940,560.0,SIRDAL,4228,SIRDAL - SINNES,,Sinnes,['MET.NO'],2007-07-02T00:00:00.000Z,0-20000-0-01431,1431.0
SensorSystem,Norge,NO,INNLANDET,34.0,1.0,2012,2011,2,True,"['01365', '10.249.0.145']","{'@type': 'Point', 'coordinates': [8.9228, 61.2508], 'nearest': False}",,SN23550,965.0,ØYSTRE SLIDRE,3453,BEITOSTØLEN II,,Beitostølen,['MET.NO'],2010-08-28T00:00:00.000Z,0-20000-0-01365,1365.0
SensorSystem,Norge,NO,INNLANDET,34.0,1.0,2019,2013,7,True,['18'],"{'@type': 'Point', 'coordinates': [10.5592, 60.3558], 'nearest': False}",,SN20540,245.0,GRAN,3446,GRAN,,Gran,['NIBIO'],2005-01-01T00:00:00.000Z,0-578-0-20540,
SensorSystem,Norge,NO,AGDER,42.0,5.0,2019,2002,13,True,['01441'],"{'@type': 'Point', 'coordinates': [7.3897, 59.5766], 'nearest': False}",,SN40880,841.0,BYKLE,4222,HOVDEN - LUNDANE,,Hovden,['MET.NO'],1994-11-01T00:00:00.000Z,0-20000-0-01441,1441.0
SensorSystem,Norge,NO,VIKEN,30.0,1.0,1932,1922,11,True,,"{'@type': 'Point', 'coordinates': [11.388, 59.1223], 'nearest': False}",,SN1230,3.0,HALDEN,3001,HALDEN,,Halden,['HALDEN KOMMUNE'],1882-12-01T00:00:00.000Z,0-578-0-1230,
SensorSystem,Norge,NO,INNLANDET,34.0,1.0,2019,2007,13,True,['01233'],"{'@type': 'Point', 'coordinates': [9.1147, 62.07165], 'nearest': False}",,SN16560,638.0,DOVRE,3431,DOMBÅS - NORDIGARD,,Dombås,['MET.NO'],2006-08-31T00:00:00.000Z,0-20000-0-01233,1233.0
SensorSystem,Norge,NO,VESTFOLD OG TELEMARK,38.0,3.0,2019,1995,21,True,"['01485', '1485', '3']","{'@type': 'Point', 'coordinates': [10.215, 59.6193], 'nearest': False}",,SN26990,60.0,HOLMESTRAND,3802,SANDE - GALLEBERG,,Sande,"['NIBIO', 'MET.NO']",1995-01-01T00:00:00.000Z,0-20000-0-01485,1485.0
SensorSystem,Norge,NO,TROMS OG FINNMARK,54.0,1.0,2019,2010,10,True,"['01198', '300134010813500']","{'@type': 'Point', 'coordinates': [19.7017, 68.7817], 'nearest': False}",,SN89940,204.0,MÅLSELV,5418,DIVIDALEN II,,Dividalen,['MET.NO'],2009-10-08T00:00:00.000Z,0-20000-0-01198,1198.0
SensorSystem,Norge,NO,VIKEN,30.0,1.0,2019,2004,16,True,"['01363', '10.249.0.43', '1363', 'ENDI']","{'@type': 'Point', 'coordinates': [8.5263, 60.4188], 'nearest': False}",['ENDI'],SN29720,798.0,HOL,3044,DAGALI LUFTHAVN,,Dagali LH,"['MET.NO', 'DAGALI FLYPLASS (GEILO LUFTHAVN)']",2001-11-01T00:00:00.000Z,0-20000-0-01363,1363.0
SensorSystem,Norge,NO,ROGALAND,11.0,22.0,2019,1928,59,True,"['01416', '10.249.0.92']","{'@type': 'Point', 'coordinates': [5.7278, 58.9563], 'nearest': False}",,SN44640,72.0,STAVANGER,1103,STAVANGER - VÅLAND,,Våland,['STAVANGER KOMMUNE'],1882-01-01T00:00:00.000Z,0-20000-0-01416,1416.0
SensorSystem,Norge,NO,VIKEN,30.0,1.0,2012,2011,2,True,['01477'],"{'@type': 'Point', 'coordinates': [10.146, 59.713], 'nearest': False}",,SN27010,193.0,DRAMMEN,3005,KONNERUD,,Konnerud ,['DRAMMEN KOMMUNE'],2010-03-19T00:00:00.000Z,0-20000-0-01477,1477.0
SensorSystem,Norge,NO,TROMS OG FINNMARK,54.0,1.0,2011,2010,2,True,['10.249.0.121'],"{'@type': 'Point', 'coordinates': [18.6938, 69.9903], 'nearest': False}",,SN90720,26.0,TROMSØ,5401,MÅSVIK,,Måsvik,['MET.NO'],2003-10-08T00:00:00.000Z,0-578-0-90720,
SensorSystem,Norge,NO,VIKEN,30.0,,2011,2011,1,True,,"{'@type': 'Point', 'coordinates': [8.7057, 60.255], 'nearest': False}",,SN29350,648.0,NORE OG UVDAL,3052,UVDAL KRAFTVERK,,Uvdal kraftverk,['ASKER/BÆRUM KRAFTSELSKAP'],1985-10-01T00:00:00.000Z,0-578-0-29350,
SensorSystem,Norge,NO,TROMS OG FINNMARK,54.0,14.0,2019,1928,79,True,"['01078', '10.249.0.88']","{'@type': 'Point', 'coordinates': [28.217, 71.0888], 'nearest': False}",,SN96400,8.0,GAMVIK,5439,SLETTNES FYR,,Slettnes fyr,['MET.NO'],1927-11-28T00:00:00.000Z,0-20000-0-01078,1078.0
SensorSystem,Norge,NO,TRØNDELAG,50.0,1.0,2019,1940,80,True,"['01124', '10.249.0.222']","{'@type': 'Point', 'coordinates': [12.4692, 64.1587], 'nearest': False}",,SN70850,195.0,SNÅSA,5041,SNÅSA - KJEVLIA,,Snåsa - Kjevlia,['MET.NO'],1895-07-01T00:00:00.000Z,0-20000-0-01124,1124.0
SensorSystem,Norge,NO,NORDLAND,18.0,1.0,2019,1954,66,True,"['01152', 'ENBO']","{'@type': 'Point', 'coordinates': [14.3637, 67.267], 'nearest': False}",['ENBO'],SN82290,11.0,BODØ,1804,BODØ VI,,Bodø,"['AVINOR', 'MET.NO']",1953-01-01T00:00:00.000Z,0-20000-0-01152,1152.0
SensorSystem,Norge,NO,NORDLAND,18.0,1.0,2012,2009,4,True,['01105'],"{'@type': 'Point', 'coordinates': [15.943, 68.368], 'nearest': False}",,SN85040,8.0,LØDINGEN,1851,ROTVÆR,,Rotvær,['MET.NO'],1938-06-03T00:00:00.000Z,0-20000-0-01105,1105.0
SensorSystem,Norge,NO,NORDLAND,18.0,1.0,2012,2008,5,True,"['01143', '10.249.0.166']","{'@type': 'Point', 'coordinates': [16.0838, 68.0472], 'nearest': False}",,SN83710,19.0,NARVIK,1806,DRAG - AJLUOKTA,,Drag,['MET.NO'],2007-07-02T00:00:00.000Z,0-20000-0-01143,1143.0
SensorSystem,Norge,NO,NORDLAND,18.0,2.0,2019,1916,103,True,['10.249.0.213'],"{'@type': 'Point', 'coordinates': [13.9793, 66.8102], 'nearest': False}",,SN80700,39.0,MELØY,1837,GLOMFJORD,,Glomfjord,['MET.NO'],1916-01-01T00:00:00.000Z,0-578-0-80700,
SensorSystem,Norge,NO,VESTLAND,46.0,42.0,2017,1967,10,True,['79'],"{'@type': 'Point', 'coordinates': [6.9325, 60.5637], 'nearest': False}",,SN49910,42.0,ULVIK,4620,ULVIK - HJELTNES,,Hjeltnes,['NIBIO'],1966-06-01T00:00:00.000Z,0-578-0-49910,
SensorSystem,Norge,NO,NORDLAND,18.0,1.0,2019,2005,15,True,"['01116', '10.249.0.14', 'ENST']","{'@type': 'Point', 'coordinates': [12.4783, 65.9635], 'nearest': False}",['ENST'],SN76750,17.0,ALSTAHAUG,1820,SANDNESSJØEN LH - STOKKA,,Sandnessjøen,['AVINOR'],1968-07-01T00:00:00.000Z,0-20000-0-01116,1116.0
SensorSystem,Norge,NO,INNLANDET,34.0,5.0,2019,1948,64,True,['01393'],"{'@type': 'Point', 'coordinates': [12.048, 61.8872], 'nearest': False}",,SN700,672.0,ENGERDAL,3425,DREVSJØ,,Drevsjø,['MET.NO'],1947-10-20T00:00:00.000Z,0-20000-0-01393,1393.0
SensorSystem,Norge,NO,MØRE OG ROMSDAL,15.0,1.0,2019,2004,16,True,"['01225', '10.249.1.66']","{'@type': 'Point', 'coordinates': [7.9533, 63.5185], 'nearest': False}",,SN65310,5.0,SMØLA,1573,VEIHOLMEN,,Veiholmen,['MET.NO'],2002-07-01T00:00:00.000Z,0-20000-0-01225,1225.0
SensorSystem,Norge,NO,TROMS OG FINNMARK,54.0,1.0,2019,2007,13,True,"['01058', '10.249.1.96']","{'@type': 'Point', 'coordinates': [23.5345, 69.5797], 'nearest': False}",,SN93301,381.0,KAUTOKEINO,5430,SUOLOVUOPMI - LULIT,,Suolovuopmi,['MET.NO'],2004-11-08T00:00:00.000Z,0-20000-0-01058,1058.0
SensorSystem,Norge,NO,VIKEN,30.0,1.0,2019,2008,12,True,"['01484', '10.249.0.156']","{'@type': 'Point', 'coordinates': [11.5801, 59.9119], 'nearest': False}",,SN2650,128.0,AURSKOG-HØLAND,3026,AURSKOG II,,Aurskog,['MET.NO'],2007-11-28T00:00:00.000Z,0-20000-0-01484,1484.0
SensorSystem,Norge,NO,VIKEN,30.0,2.0,2019,2011,8,True,"['01460', '10.249.0.190']","{'@type': 'Point', 'coordinates': [10.578, 59.4352], 'nearest': False}",,SN17280,14.0,MOSS,3002,GULLHOLMEN,,Gullholmen,['MET.NO'],2000-11-01T00:00:00.000Z,0-20000-0-01460,1460.0
SensorSystem,Norge,NO,VIKEN,30.0,5.0,2019,1992,24,True,"['01493', '10.249.0.217']","{'@type': 'Point', 'coordinates': [11.1128, 59.2852], 'nearest': False}",,SN3190,57.0,SARPSBORG,3003,SARPSBORG,,Sarpsborg,"['SARPSBORG BRANNSTASJON', 'MET.NO']",1896-07-01T00:00:00.000Z,0-20000-0-01493,1493.0
SensorSystem,Svalbard og Jan Mayen,SJ,SVALBARD,21.0,1.0,2019,1946,74,True,"['01062', 'LML']","{'@type': 'Point', 'coordinates': [25.0133, 76.5097], 'nearest': False}",,SN99720,6.0,SVALBARD,2100,HOPEN,['LML'],Hopen,['MET.NO'],1944-11-01T00:00:00.000Z,0-20000-0-01062,1062.0
SensorSystem,Norge,NO,TROMS OG FINNMARK,54.0,2.0,2019,1965,53,True,"['01089', '10.249.0.54', 'ENKR']","{'@type': 'Point', 'coordinates': [29.8977, 69.7255], 'nearest': False}",['ENKR'],SN99370,89.0,SØR-VARANGER,5444,KIRKENES LUFTHAVN,,Kirkenes LH,['AVINOR'],1940-11-01T00:00:00.000Z,0-20000-0-01089,1089.0
SensorSystem,Norge,NO,TROMS OG FINNMARK,54.0,1.0,2019,2006,14,True,"['01046', '10.249.0.40', 'ENSR']","{'@type': 'Point', 'coordinates': [20.9553, 69.7887], 'nearest': False}",['ENSR'],SN91740,6.0,NORDREISA,5428,SØRKJOSEN LUFTHAVN,,Sørkjosen,['AVINOR'],1974-08-01T00:00:00.000Z,0-20000-0-01046,1046.0
SensorSystem,Norge,NO,VIKEN,30.0,1.0,1964,1936,29,True,,"{'@type': 'Point', 'coordinates': [11.5583, 59.1477], 'nearest': False}",,SN1400,114.0,HALDEN,3001,BREKKE SLUSE,,Brekke sluse,['HALDENVASSDRAGETS BRUKSEIERFORENING'],1925-11-01T00:00:00.000Z,0-578-0-1400,
SensorSystem,Norge,NO,VESTLAND,46.0,1.0,2019,2006,14,True,"['01320', '10.249.0.57', '10.249.0.6', 'ENSD']","{'@type': 'Point', 'coordinates': [6.1043, 61.8293], 'nearest': False}",['ENSD'],SN58100,60.0,GLOPPEN,4650,SANDANE LUFTHAMN,,Sandane LH,['AVINOR'],1975-06-01T00:00:00.000Z,0-20000-0-01320,1320.0
SensorSystem,Norge,NO,TROMS OG FINNMARK,54.0,2.0,2019,2006,13,True,"['01044', '10.249.0.23', 'ENHK']","{'@type': 'Point', 'coordinates': [22.1457, 70.4865], 'nearest': False}",['ENHK'],SN92750,6.0,HASVIK,5433,HASVIK LUFTHAVN,,Hasvik LH,['AVINOR'],1984-01-01T00:00:00.000Z,0-20000-0-01044,1044.0
SensorSystem,Norge,NO,VIKEN,30.0,2.0,2019,2013,6,True,['15'],"{'@type': 'Point', 'coordinates': [9.8922, 59.7613], 'nearest': False}",,SN26820,15.0,ØVRE EIKER,3048,HOKKSUND,,Hokksund,['NIBIO'],2005-01-01T00:00:00.000Z,0-578-0-26820,
SensorSystem,Norge,NO,TRØNDELAG,50.0,1.0,2019,2007,13,True,['01281'],"{'@type': 'Point', 'coordinates': [12.846, 64.7422], 'nearest': False}",,SN74350,140.0,NAMSSKOGAN,5044,NAMSSKOGAN,,Namsskogan,['MET.NO'],1895-07-01T00:00:00.000Z,0-20000-0-01281,1281.0
SensorSystem,Norge,NO,VESTLAND,46.0,2.0,2019,2004,15,True,"['01350', '10.249.0.208']","{'@type': 'Point', 'coordinates': [7.527, 60.5938], 'nearest': False}",,SN25830,1210.0,ULVIK,4620,FINSEVATN,,Finse,"['HØYFJELLSØKOLOGISK FORSKNINGSSTASJON', 'MET.NO']",1993-10-01T00:00:00.000Z,0-20000-0-01350,1350.0
SensorSystem,Norge,NO,AGDER,42.0,1.0,1926,1922,5,True,,"{'@type': 'Point', 'coordinates': [6.657, 58.4117], 'nearest': False}",,SN42720,75.0,FLEKKEFJORD,4207,BAKKE,,Bakke,['MET.NO'],1895-07-01T00:00:00.000Z,0-578-0-42720,
SensorSystem,Norge,NO,TRØNDELAG,50.0,1.0,2012,2008,5,True,"['01287', '10.249.0.225']","{'@type': 'Point', 'coordinates': [11.8153, 62.6793], 'nearest': False}",,SN10800,747.0,RØROS,5025,SØLENDET,,Sølendet,['VITENSKAPSMUSEET NTNU'],2007-10-01T00:00:00.000Z,0-20000-0-01287,1287.0
SensorSystem,Norge,NO,MØRE OG ROMSDAL,15.0,1.0,2012,2011,2,True,['01220'],"{'@type': 'Point', 'coordinates': [7.7703, 62.4555], 'nearest': False}",,SN61410,1294.0,RAUMA,1539,MANNEN,,Mannen ,['NVE SEKSJON FOR FJELLSKRED'],2010-03-12T00:00:00.000Z,0-20000-0-01220,1220.0
SensorSystem,Norge,NO,VIKEN,30.0,1.0,2019,1956,64,True,"['01494', '10.249.0.11', '10.249.0.155', 'ENRY']","{'@type': 'Point', 'coordinates': [10.798, 59.3742], 'nearest': False}",['ENRY'],SN17150,40.0,MOSS,3002,RYGGE,,Rygge,"['MET.NO', 'AVINOR']",1955-03-01T00:00:00.000Z,0-20000-0-01494,1494.0
SensorSystem,Norge,NO,TRØNDELAG,50.0,2.0,2019,2004,15,True,"['01288', '10.249.0.69', 'ENRO']","{'@type': 'Point', 'coordinates': [11.3518, 62.5773], 'nearest': False}",['ENRO'],SN10380,625.0,RØROS,5025,RØROS LUFTHAVN,,Røros,['AVINOR'],1957-08-01T00:00:00.000Z,0-20000-0-01288,1288.0
SensorSystem,Norge,NO,ROGALAND,11.0,1.0,2019,2006,14,True,"['01411', '10.249.0.204']","{'@type': 'Point', 'coordinates': [5.4122, 59.0705], 'nearest': False}",,SN44610,21.0,KVITSØY,1144,KVITSØY - NORDBØ,,Kvitsøy,['MET.NO'],2005-04-26T00:00:00.000Z,0-20000-0-01411,1411.0
SensorSystem,Norge,NO,INNLANDET,34.0,3.0,2019,2004,14,True,"['01265', '10.249.1.25']","{'@type': 'Point', 'coordinates': [10.732, 62.2695], 'nearest': False}",,SN9580,482.0,TYNSET,3427,TYNSET - HANSMOEN,,Tynset,['MET.NO'],2001-07-01T00:00:00.000Z,0-20000-0-01265,1265.0
SensorSystem,Svalbard og Jan Mayen,SJ,SVALBARD,21.0,1.0,2019,1975,45,True,"['01007', '193.156.10.28']","{'@type': 'Point', 'coordinates': [11.9312, 78.9243], 'nearest': False}",,SN99910,8.0,SVALBARD,2100,NY-ÅLESUND,,Ny-Ålesund,"['STIFTUNG ALFRED-WEGENER-INSTITUT FUR POLAR- UND MEERESFORSCHUNG', 'MET.NO']",1974-07-26T00:00:00.000Z,0-20000-0-01007,1007.0
SensorSystem,Norge,NO,VIKEN,30.0,1.0,2019,2010,10,True,"['1507', '20']","{'@type': 'Point', 'coordinates': [11.3933, 60.1268], 'nearest': False}",,SN4920,160.0,NES,3034,ÅRNES,,Årnes,['NIBIO'],1998-12-01T00:00:00.000Z,0-578-0-4920,
SensorSystem,Norge,NO,TROMS OG FINNMARK,54.0,3.0,2019,2004,14,True,"['01083', '10.249.0.25', 'ENBV']","{'@type': 'Point', 'coordinates': [29.0348, 70.8708], 'nearest': False}",['ENBV'],SN98090,13.0,BERLEVÅG,5440,BERLEVÅG LUFTHAVN,,Berlevåg,['AVINOR'],1974-08-01T00:00:00.000Z,0-20000-0-01083,1083.0
SensorSystem,Norge,NO,TROMS OG FINNMARK,54.0,,2012,2012,1,True,['01043'],"{'@type': 'Point', 'coordinates': [22.8177, 70.4107], 'nearest': False}",,SN94230,18.0,ALTA,5403,ROGNSUNDET,,Rognsundet,['MET.NO'],2010-07-16T00:00:00.000Z,0-20000-0-01043,1043.0
SensorSystem,Norge,NO,INNLANDET,34.0,10.0,2019,1956,40,True,"['01371', '1371', '23']","{'@type': 'Point', 'coordinates': [9.063, 61.122], 'nearest': False}",,SN23500,521.0,ØYSTRE SLIDRE,3453,LØKEN I VOLBU,,Løken i Volbu,['NIBIO'],1924-01-01T00:00:00.000Z,0-20000-0-01371,1371.0
SensorSystem,Norge,NO,VESTLAND,46.0,7.0,2019,1924,85,True,"['01406', '10.249.1.64']","{'@type': 'Point', 'coordinates': [5.0683, 59.9083], 'nearest': False}",,SN48330,25.0,BØMLO,4613,SLÅTTERØY FYR,,Slåtterøy fyr,['MET.NO'],1923-07-01T00:00:00.000Z,0-20000-0-01406,1406.0
SensorSystem,Norge,NO,AGDER,42.0,,2012,2012,1,True,"['01453', '10.249.0.99']","{'@type': 'Point', 'coordinates': [8.4167, 58.6007], 'nearest': False}",,SN38730,162.0,FROLAND,4214,HYNNEKLEIV,,Hynnekleiv,['BANE NOR'],2012-01-04T00:00:00.000Z,0-20000-0-01453,1453.0
SensorSystem,Norge,NO,INNLANDET,34.0,1.0,2019,2013,7,True,['35'],"{'@type': 'Point', 'coordinates': [10.2588, 61.2247], 'nearest': False}",,SN13030,375.0,GAUSDAL,3441,GAUSDAL - FOLLEBU,,Follebu,['NIBIO'],2005-01-01T00:00:00.000Z,0-578-0-13030,
SensorSystem,Norge,NO,VESTFOLD OG TELEMARK,38.0,1.0,2019,2004,16,True,['01434'],"{'@type': 'Point', 'coordinates': [7.3653, 59.7662], 'nearest': False}",,SN33890,821.0,VINJE,3825,VÅGSLI,,Vågsli,"['STATKRAFT REGION ØST-NORGE', 'MET.NO']",1994-09-27T00:00:00.000Z,0-20000-0-01434,1434.0
SensorSystem,Norge,NO,TRØNDELAG,50.0,1.0,2019,2005,15,True,['01293'],"{'@type': 'Point', 'coordinates': [11.7277, 63.4115], 'nearest': False}",,SN69380,169.0,MERÅKER,5034,MERÅKER - VARDETUN,,Meråker,['MET.NO'],2004-04-15T00:00:00.000Z,0-20000-0-01293,1293.0
SensorSystem,Norge,NO,INNLANDET,34.0,3.0,2019,1987,31,True,"['01374', '10.249.1.22']","{'@type': 'Point', 'coordinates': [10.0358, 60.9345], 'nearest': False}",,SN21680,542.0,NORDRE LAND,3448,VEST-TORPA II,,Vest-Torpa,['MET.NO'],1986-08-01T00:00:00.000Z,0-20000-0-01374,1374.0
SensorSystem,Svalbard og Jan Mayen,SJ,SVALBARD,21.0,,1956,1956,1,True,"['01024', '300125060809780', '300134010701680']","{'@type': 'Point', 'coordinates': [16.3603, 78.6557], 'nearest': False}",,SN99880,20.0,SVALBARD,2100,PYRAMIDEN,,Pyramiden ,['MET.NO'],2012-08-04T00:00:00.000Z,0-20000-0-01024,1024.0
SensorSystem,Norge,NO,VESTLAND,46.0,1.0,2019,1957,63,True,"['01317', '10.249.0.159']","{'@type': 'Point', 'coordinates': [5.3327, 60.383], 'nearest': False}",,SN50540,12.0,BERGEN,4601,BERGEN - FLORIDA,,Bergen,['MET.NO'],1949-11-28T00:00:00.000Z,0-20000-0-01317,1317.0
SensorSystem,Norge,NO,TROMS OG FINNMARK,54.0,2.0,2019,1900,119,True,"['01098', '10.249.0.26', '10.249.1.53', 'LGV']","{'@type': 'Point', 'coordinates': [31.0962, 70.3707], 'nearest': False}",,SN98550,10.0,VARDØ,5404,VARDØ RADIO,['LGV'],Vardø radio,['MET.NO'],1829-06-01T00:00:00.000Z,,1098.0
SensorSystem,Norge,NO,VESTLAND,46.0,2.0,2019,2002,16,True,"['01321', '10.249.0.90']","{'@type': 'Point', 'coordinates': [6.5585, 61.9157], 'nearest': False}",,SN58900,208.0,STRYN,4651,STRYN - KROKEN,,Stryn,['MET.NO'],1993-11-01T00:00:00.000Z,0-20000-0-01321,1321.0
SensorSystem,Norge,NO,AGDER,42.0,2.0,2019,1947,72,True,"['01467', '10.249.0.216']","{'@type': 'Point', 'coordinates': [9.1479, 58.6361], 'nearest': False}",,SN35860,4.0,TVEDESTRAND,4213,LYNGØR FYR,,Lyngør fyr,['MET.NO'],1920-07-01T00:00:00.000Z,0-20000-0-01467,1467.0
SensorSystem,Norge,NO,TROMS OG FINNMARK,54.0,6.0,2019,1914,98,True,"['01199', '212.23', '300134010806040']","{'@type': 'Point', 'coordinates': [23.5387, 68.7553], 'nearest': False}",,SN93900,382.0,KAUTOKEINO,5430,SIHCCAJAVRI,,Šihččajávri,"['MET.NO', 'NVE']",1913-04-01T00:00:00.000Z,0-20000-0-01199,1199.0
SensorSystem,Norge,NO,TRØNDELAG,50.0,2.0,2018,1975,43,True,"['01102', '10.249.1.57']","{'@type': 'Point', 'coordinates': [10.9965, 65.2023], 'nearest': False}",,SN75550,23.0,LEKA,5052,SKLINNA FYR,,Sklinna fyr,['MET.NO'],1974-11-01T00:00:00.000Z,0-20000-0-01102,1102.0
SensorSystem,Norge,NO,VESTFOLD OG TELEMARK,38.0,41.0,2017,1935,42,True,"['01461', '10.249.0.240']","{'@type': 'Point', 'coordinates': [8.6562, 59.8497], 'nearest': False}",,SN31970,1804.0,TINN,3818,GAUSTATOPPEN,,Gaustatoppen,['MET.NO'],1935-09-01T00:00:00.000Z,0-20000-0-01461,1461.0
SensorSystem,Norge,NO,MØRE OG ROMSDAL,15.0,2.0,2019,1959,60,True,"['01210', '10.249.0.154', '10.249.0.59', 'ENAL']","{'@type': 'Point', 'coordinates': [6.115, 62.5617], 'nearest': False}",['ENAL'],SN60990,22.0,GISKE,1532,VIGRA,,Vigra,['AVINOR'],1958-07-01T00:00:00.000Z,0-20000-0-01210,1210.0
SensorSystem,Norge,NO,INNLANDET,34.0,1.0,2012,2009,4,True,"['01361', '10.249.0.105']","{'@type': 'Point', 'coordinates': [7.6637, 62.0162], 'nearest': False}",,SN15890,872.0,SKJÅK,3433,GROTLI III,,Grotli,['MET.NO'],2008-10-01T00:00:00.000Z,0-20000-0-01361,1361.0
SensorSystem,Norge,NO,TROMS OG FINNMARK,54.0,2.0,2016,1966,49,True,['01045'],"{'@type': 'Point', 'coordinates': [21.8958, 69.8362], 'nearest': False}",,SN92350,20.0,KVÆNANGEN,5429,NORDSTRAUM I KVÆNANGEN,,Nordstraum,['MET.NO'],1965-08-01T00:00:00.000Z,,1045.0
SensorSystem,Norge,NO,VESTLAND,46.0,1.0,2012,2006,7,True,"['01308', '1308', '26']","{'@type': 'Point', 'coordinates': [5.0443, 61.2928], 'nearest': False}",,SN56420,7.0,FJALER,4646,FURENESET,,Fureneset,['NIBIO'],1972-01-01T00:00:00.000Z,0-20000-0-01308,1308.0
SensorSystem,Norge,NO,VESTFOLD OG TELEMARK,38.0,1.0,1931,1926,6,True,,"{'@type': 'Point', 'coordinates': [9.2643, 59.5688], 'nearest': False}",,SN30530,34.0,NOTODDEN,3808,NOTODDEN,,Notodden,['TINFOS A/S'],1923-01-01T00:00:00.000Z,0-578-0-30530,
SensorSystem,Norge,NO,NORDLAND,18.0,1.0,2019,2005,15,True,"['01139', '10.249.0.35', 'ENVR']","{'@type': 'Point', 'coordinates': [12.7228, 67.6527], 'nearest': False}",['ENVR'],SN85840,4.0,VÆRØY,1857,VÆRØY HELIPORT,,Værøy,['AVINOR'],1997-02-20T00:00:00.000Z,0-20000-0-01139,1139.0
SensorSystem,Norge,NO,NORDLAND,18.0,,2012,2012,1,True,"['01133', '10.249.0.79']","{'@type': 'Point', 'coordinates': [13.2892, 65.6215], 'nearest': False}",,SN77280,50.0,GRANE,1825,LAKSFORS,,Laksfors,['BANE NOR'],2011-11-29T00:00:00.000Z,0-20000-0-01133,1133.0
SensorSystem,Norge,NO,TRØNDELAG,50.0,3.0,2019,2009,9,True,"['01253', '10.249.0.75']","{'@type': 'Point', 'coordinates': [10.1788, 62.9535], 'nearest': False}",,SN67280,299.0,MIDTRE GAULDAL,5027,SOKNEDAL,,Soknedal,['BANE NOR'],2007-12-20T00:00:00.000Z,0-20000-0-01253,1253.0
SensorSystem,Norge,NO,NORDLAND,18.0,1.0,2012,2010,3,True,"['01150', '10.249.0.83']","{'@type': 'Point', 'coordinates': [14.954, 66.4993], 'nearest': False}",,SN79764,251.0,RANA,1833,HJARTÅSEN,,Dunderlandsdalen,['BANE NOR'],2009-02-04T00:00:00.000Z,0-20000-0-01150,1150.0
SensorSystem,Norge,NO,NORDLAND,18.0,1.0,2019,2015,5,True,['144'],"{'@type': 'Point', 'coordinates': [15.1018, 67.2763], 'nearest': False}",,SN82110,20.0,FAUSKE,1841,VALNESFJORD,,Valnesfjord,['NIBIO'],2014-06-11T00:00:00.000Z,0-578-0-82110,
SensorSystem,Norge,NO,TRØNDELAG,50.0,31.0,2019,1923,66,True,"['01257', '10.249.0.160']","{'@type': 'Point', 'coordinates': [10.4538, 63.4107], 'nearest': False}",,SN68860,127.0,TRONDHEIM,5001,TRONDHEIM - VOLL,,Trondheim,['MET.NO'],1923-01-01T00:00:00.000Z,0-20000-0-01257,1257.0
SensorSystem,Norge,NO,MØRE OG ROMSDAL,15.0,1.0,2019,2013,7,True,['39'],"{'@type': 'Point', 'coordinates': [8.1862, 62.9133], 'nearest': False}",,SN64510,23.0,TINGVOLL,1560,TINGVOLL,,Tingvoll,['NIBIO'],1992-01-01T00:00:00.000Z,0-578-0-64510,
SensorSystem,Norge,NO,MØRE OG ROMSDAL,15.0,2.0,2019,2010,7,True,"['01224', '10.249.0.115']","{'@type': 'Point', 'coordinates': [6.2108, 62.4703], 'nearest': False}",,SN60945,15.0,ÅLESUND,1507,ÅLESUND IV,,Ålesund,['ÅLESUND KOMMUNE'],2009-06-24T00:00:00.000Z,0-20000-0-01224,1224.0
SensorSystem,Norge,NO,AGDER,42.0,,2012,2012,1,True,"['01442', '10.249.0.186']","{'@type': 'Point', 'coordinates': [7.803, 58.6863], 'nearest': False}",,SN39750,207.0,BYGLAND,4220,BYGLANDSFJORD - NESET,,Byglandsfjord ,['MET.NO'],2011-09-23T00:00:00.000Z,0-20000-0-01442,1442.0
SensorSystem,Norge,NO,TROMS OG FINNMARK,54.0,1.0,2018,2007,12,True,"['01086', '10.249.0.24', 'ENBS']","{'@type': 'Point', 'coordinates': [29.7, 70.6028], 'nearest': False}",['ENBS'],SN98360,152.0,BÅTSFJORD,5443,BÅTSFJORD - STRAUMSNESAKSLA,,Båtsfjord,['AVINOR'],1999-09-09T00:00:00.000Z,0-20000-0-01086,1086.0
SensorSystem,Norge,NO,AGDER,42.0,2.0,2019,1920,97,True,"['01427', '10.249.0.211']","{'@type': 'Point', 'coordinates': [6.5675, 58.109], 'nearest': False}",,SN42160,14.0,FARSUND,4206,LISTA FYR,,Lista fyr,['MET.NO'],1867-07-01T00:00:00.000Z,0-20000-0-01427,1427.0
SensorSystem,Norge,NO,VESTLAND,46.0,1.0,2019,2004,16,True,['01203'],"{'@type': 'Point', 'coordinates': [4.986, 62.034], 'nearest': False}",,SN59110,75.0,KINN,4602,KRÅKENES,,Kråkenes,['MET.NO'],1991-10-01T00:00:00.000Z,0-20000-0-01203,1203.0
SensorSystem,Norge,NO,NORDLAND,18.0,2.0,2019,1931,88,True,"['01160', '10.249.0.104']","{'@type': 'Point', 'coordinates': [14.6425, 68.1528], 'nearest': False}",,SN85380,11.0,VÅGAN,1865,SKROVA FYR,,Skrova fyr,['MET.NO'],1933-05-01T00:00:00.000Z,0-20000-0-01160,1160.0
SensorSystem,Norge,NO,AGDER,42.0,10.0,2019,1957,50,True,"['01464', '1464', '24']","{'@type': 'Point', 'coordinates': [8.5225, 58.34], 'nearest': False}",,SN38140,6.0,GRIMSTAD,4202,LANDVIK,,Landvik,['NIBIO'],1957-01-01T00:00:00.000Z,0-20000-0-01464,1464.0
SensorSystem,Norge,NO,AGDER,42.0,1.0,2019,2014,6,True,['41'],"{'@type': 'Point', 'coordinates': [7.0452, 58.134], 'nearest': False}",,SN41825,6.0,LYNGDAL,4225,LYNGDAL,,Lyngdal,['NIBIO'],2005-01-01T00:00:00.000Z,0-578-0-41825,
SensorSystem,Norge,NO,TRØNDELAG,50.0,1.0,2019,2004,16,True,"['01290', '10.249.0.33', 'ENNM']","{'@type': 'Point', 'coordinates': [11.5705, 64.4708], 'nearest': False}",['ENNM'],SN72580,2.0,NAMSOS,5007,NAMSOS LUFTHAVN,,Namsos LH,['AVINOR'],1968-07-01T00:00:00.000Z,0-20000-0-01290,1290.0
SensorSystem,Norge,NO,TROMS OG FINNMARK,54.0,28.0,2019,1900,73,True,"['01047', '10.249.0.210']","{'@type': 'Point', 'coordinates': [23.0335, 68.9968], 'nearest': False}",,SN93700,307.0,KAUTOKEINO,5430,KAUTOKEINO,,Kautokeino,['MET.NO'],1868-01-01T00:00:00.000Z,0-20000-0-01047,1047.0
SensorSystem,Norge,NO,TRØNDELAG,50.0,5.0,2019,1970,44,True,"['01259', '10.249.0.72']","{'@type': 'Point', 'coordinates': [10.455, 64.4013], 'nearest': False}",,SN71990,18.0,OSEN,5020,BUHOLMRÅSA FYR,,Buholmråsa fyr,['MET.NO'],1965-11-01T00:00:00.000Z,0-20000-0-01259,1259.0
SensorSystem,Norge,NO,ROGALAND,11.0,2.0,2019,2008,11,True,['01422'],"{'@type': 'Point', 'coordinates': [6.0365, 59.16], 'nearest': False}",,SN45870,30.0,HJELMELAND,1133,FISTER - SIGMUNDSTAD,,Fister,['MET.NO'],2007-05-29T00:00:00.000Z,0-20000-0-01422,1422.0
SensorSystem,Norge,NO,VESTFOLD OG TELEMARK,38.0,26.0,2010,1961,25,True,"['01483', '10.249.0.140', 'ENTO']","{'@type': 'Point', 'coordinates': [10.2553, 59.1845], 'nearest': False}",['ENTO'],SN27470,88.0,SANDEFJORD,3804,TORP,,Torp,['SANDEFJORD LUFTHAVN TORP'],1959-09-01T00:00:00.000Z,0-20000-0-01483,1483.0
SensorSystem,Svalbard og Jan Mayen,SJ,SVALBARD,21.0,1.0,2012,2011,2,True,"['01002', '300134010702150']","{'@type': 'Point', 'coordinates': [16.25, 80.0592], 'nearest': False}",,SN99927,8.0,SVALBARD,2100,VERLEGENHUKEN,,Verlegenhuken,['MET.NO'],1997-08-07T00:00:00.000Z,0-20000-0-01002,1002.0
SensorSystem,Norge,NO,INNLANDET,34.0,1.0,2019,2012,8,True,"['01389', '10.249.0.117']","{'@type': 'Point', 'coordinates': [11.3747, 61.1847], 'nearest': False}",,SN7950,255.0,ÅMOT,3422,RENA FLYPLASS,,Rena flyplass,['MET.NO'],2011-12-09T00:00:00.000Z,0-20000-0-01389,1389.0
SensorSystem,Norge,NO,NORSKEHAVET,24.0,3.0,1960,1953,4,True,"['4YM', '6301000', 'BUOY2', 'C7M', 'LDWR']","{'@type': 'Point', 'coordinates': [2, 66], 'nearest': False}",,SN76900,2.0,NORSKEHAVET,2400,MIKE,"['4YM', '6301000', 'BUOY2', 'C7M', 'LDWR']",MIKE,['HAVFORSKNINGSINSTITUTTET'],1949-01-01T00:00:00.000Z,0-578-0-76900,
SensorSystem,Norge,NO,AGDER,42.0,2.0,2018,1900,117,True,"['01448', '10.249.1.65']","{'@type': 'Point', 'coordinates': [8.0532, 58.0732], 'nearest': False}",,SN39100,9.0,KRISTIANSAND,4204,OKSØY FYR,,Oksøy fyr,['MET.NO'],1864-05-01T00:00:00.000Z,0-20000-0-01448,1448.0
SensorSystem,Norge,NO,VESTLAND,46.0,,2012,2012,1,True,"['01346', '10.249.0.128', '10.249.0.187']","{'@type': 'Point', 'coordinates': [7.2755, 60.6563], 'nearest': False}",,SN53530,1162.0,ULVIK,4620,MIDTSTOVA,,Midtstova,['BANE NOR'],2011-11-22T00:00:00.000Z,0-20000-0-01346,1346.0
SensorSystem,Norge,NO,INNLANDET,34.0,42.0,2019,1960,19,True,['12'],"{'@type': 'Point', 'coordinates': [11.2028, 60.8028], 'nearest': False}",,SN12180,182.0,HAMAR,3403,ILSENG,,Ilseng,['NIBIO'],1959-06-01T00:00:00.000Z,0-578-0-12180,
SensorSystem,Norge,NO,VESTFOLD OG TELEMARK,38.0,1.0,2019,2010,10,True,"['01478', '10.249.0.191']","{'@type': 'Point', 'coordinates': [10.148, 58.9688], 'nearest': False}",,SN29950,15.0,LARVIK,3805,SVENNER FYR,,Svenner fyr,['MET.NO'],2000-12-01T00:00:00.000Z,0-20000-0-01478,1478.0
SensorSystem,Norge,NO,VESTLAND,46.0,37.0,2019,1900,53,True,"['01342', '1342', '40']","{'@type': 'Point', 'coordinates': [6.6538, 60.3185], 'nearest': False}",,SN49490,12.0,ULLENSVANG,4618,ULLENSVANG FORSØKSGARD,,Ullensvang,['NIBIO'],1865-01-01T00:00:00.000Z,0-20000-0-01342,1342.0
SensorSystem,Norge,NO,INNLANDET,34.0,1.0,1901,1900,2,True,,"{'@type': 'Point', 'coordinates': [8.569, 61.124], 'nearest': False}",,SN23720,489.0,VANG,3454,VANG I VALDRES,,Vang i Valdres,['MET.NO'],1887-01-01T00:00:00.000Z,0-578-0-23720,
SensorSystem,Norge,NO,INNLANDET,34.0,1.0,1926,1921,6,True,,"{'@type': 'Point', 'coordinates': [12.5039, 61.1349], 'nearest': False}",,SN100,333.0,TRYSIL,3421,PLASSEN,,Plassen,['MET.NO'],1901-01-01T00:00:00.000Z,0-578-0-100,
SensorSystem,Norge,NO,TRØNDELAG,50.0,3.0,2019,2007,11,True,['01234'],"{'@type': 'Point', 'coordinates': [9.8495, 63.3153], 'nearest': False}",,SN66150,4.0,ORKLAND,5059,ORKDAL - THAMSHAMN,,Orkanger,['MET.NO'],2006-08-08T00:00:00.000Z,0-20000-0-01234,1234.0
SensorSystem,Norge,NO,VESTLAND,46.0,2.0,2019,1956,63,True,"['01311', '10.249.0.174', '10.249.0.62', 'ENBR']","{'@type': 'Point', 'coordinates': [5.2265, 60.2892], 'nearest': False}",['ENBR'],SN50500,48.0,BERGEN,4601,FLESLAND,,Flesland,"['AVINOR', 'MET.NO']",1955-10-02T00:00:00.000Z,0-20000-0-01311,1311.0
SensorSystem,Svalbard og Jan Mayen,SJ,SVALBARD,21.0,5.0,2019,1922,94,True,"['01028', 'ENBJ', 'LBJ']","{'@type': 'Point', 'coordinates': [19.005, 74.5167], 'nearest': False}",['ENBJ'],SN99710,16.0,SVALBARD,2100,BJØRNØYA,['LBJ'],Bjørnøya,['MET.NO'],1910-01-01T00:00:00.000Z,0-20000-0-01028,1028.0
SensorSystem,Norge,NO,INNLANDET,34.0,1.0,2019,1981,39,True,"['01380', '10.249.0.165']","{'@type': 'Point', 'coordinates': [10.1082, 61.6513], 'nearest': False}",,SN13420,930.0,RINGEBU,3439,VENABU,,Venabu,['MET.NO'],1980-08-01T00:00:00.000Z,0-20000-0-01380,1380.0
SensorSystem,Norge,NO,NORDSJØEN,26.0,5.0,2019,1981,28,True,"['01400', 'ENEK', 'ENLE', 'LF5U']","{'@type': 'Point', 'coordinates': [3.2244, 56.5434], 'nearest': False}","['ENEK', 'ENLE']",SN76920,50.0,NORDSJØEN,2600,EKOFISK,['LF5U'],Ekofisk,['PHILLIPS PETROLEUM CO'],1980-01-01T00:00:00.000Z,0-20000-0-01400,1400.0
SensorSystem,Norge,NO,MØRE OG ROMSDAL,15.0,1.0,2012,2011,2,True,"['01232', '10.249.0.97']","{'@type': 'Point', 'coordinates': [7.8355, 62.4458], 'nearest': False}",,SN61420,67.0,RAUMA,1539,MARSTEIN,,Marstein,['BANE NOR'],2010-02-22T00:00:00.000Z,0-20000-0-01232,1232.0
SensorSystem,Norge,NO,VESTLAND,46.0,4.0,2019,1996,21,True,['01338'],"{'@type': 'Point', 'coordinates': [6.6452, 61.1724], 'nearest': False}",,SN53101,49.0,VIK,4639,VANGSNES,,Vangsnes,['MET.NO'],1993-12-17T00:00:00.000Z,0-20000-0-01338,1338.0
SensorSystem,Norge,NO,VIKEN,30.0,1.0,2019,2006,14,True,['01469'],"{'@type': 'Point', 'coordinates': [10.2478, 60.1665], 'nearest': False}",,SN20301,140.0,RINGERIKE,3007,HØNEFOSS - HØYBY,,Hønefoss,['MET.NO'],2005-05-30T00:00:00.000Z,0-20000-0-01469,1469.0
SensorSystem,Norge,NO,NORDLAND,18.0,2.0,2019,2004,15,True,"['01151', '10.249.0.130', '10.249.0.16', 'ENRA']","{'@type': 'Point', 'coordinates': [14.3015, 66.3643], 'nearest': False}",['ENRA'],SN79600,70.0,RANA,1833,MO I RANA LUFTHAVN,,Mo i Rana LH,['AVINOR'],1968-07-01T00:00:00.000Z,0-20000-0-01151,1151.0
SensorSystem,Norge,NO,VESTFOLD OG TELEMARK,38.0,11.0,2019,1961,49,True,"['01481', '10.249.0.131']","{'@type': 'Point', 'coordinates': [10.3483, 59.23], 'nearest': False}",,SN27450,26.0,SANDEFJORD,3804,MELSOM,,Melsom,['MET.NO'],1959-04-01T00:00:00.000Z,0-20000-0-01481,1481.0
SensorSystem,Svalbard og Jan Mayen,SJ,JAN MAYEN,22.0,2.0,2019,1921,96,True,"['01001', 'ENJA']","{'@type': 'Point', 'coordinates': [-8.669, 70.9394], 'nearest': False}",['ENJA'],SN99950,10.0,JAN MAYEN,2211,JAN MAYEN,,Jan Mayen,['MET.NO'],1908-08-01T00:00:00.000Z,0-20000-0-01001,1001.0
SensorSystem,Norge,NO,NORDLAND,18.0,1.0,2019,2000,20,True,"['01147', '10.249.0.206']","{'@type': 'Point', 'coordinates': [14.1942, 65.8255], 'nearest': False}",,SN78800,406.0,HATTFJELLDAL,1826,VARNTRESK,,Varntresk,['MET.NO'],1999-09-24T00:00:00.000Z,0-20000-0-01147,1147.0
SensorSystem,Norge,NO,VESTFOLD OG TELEMARK,38.0,1.0,2019,2007,13,True,['01447'],"{'@type': 'Point', 'coordinates': [8.1992, 59.497], 'nearest': False}",,SN32890,560.0,TOKKE,3824,HØYDALSMO II,,Høydalsmo,['MET.NO'],2006-08-23T00:00:00.000Z,0-20000-0-01447,1447.0
SensorSystem,Norge,NO,NORDLAND,18.0,3.0,2019,2008,10,True,"['01132', '10.249.0.78']","{'@type': 'Point', 'coordinates': [13.3667, 65.1662], 'nearest': False}",,SN77425,319.0,GRANE,1825,MAJAVATN V,,Majavatn,['MET.NO'],2007-12-19T00:00:00.000Z,0-20000-0-01132,1132.0
SensorSystem,Norge,NO,TRØNDELAG,50.0,4.0,2019,2009,8,True,"['01254', '10.249.0.76']","{'@type': 'Point', 'coordinates': [10.5608, 62.9763], 'nearest': False}",,SN67560,127.0,MIDTRE GAULDAL,5027,KOTSØY,,Kotsøy,['BANE NOR'],2007-11-27T00:00:00.000Z,0-20000-0-01254,1254.0
SensorSystem,Norge,NO,AUST-AGDER,9.0,3.0,2019,1900,116,True,"['01465', '10.249.1.173']","{'@type': 'Point', 'coordinates': [8.7893, 58.3988], 'nearest': False}",,SN36200,12.0,ARENDAL,906,TORUNGEN FYR,,Torungen fyr,['MET.NO'],1867-07-01T00:00:00.000Z,0-20000-0-01465,1465.0
SensorSystem,Norge,NO,AGDER,42.0,,2012,2012,1,True,"['01449', '10.249.0.170']","{'@type': 'Point', 'coordinates': [9.0263, 58.87], 'nearest': False}",,SN35210,32.0,GJERSTAD,4211,GJERSTAD JERNBANESTASJON,,Gjerstad,['BANE NOR'],2012-01-04T00:00:00.000Z,0-20000-0-01449,1449.0
SensorSystem,Norge,NO,VESTLAND,46.0,1.0,2019,2007,13,True,"['01327', '10.249.0.236']","{'@type': 'Point', 'coordinates': [5.964, 60.3887], 'nearest': False}",,SN50310,455.0,KVAM,4622,KVAMSKOGEN - JONSHØGDI,,Kvamskogen,['MET.NO'],2006-08-01T00:00:00.000Z,0-20000-0-01327,1327.0
SensorSystem,Norge,NO,VESTFOLD OG TELEMARK,38.0,1.0,2018,2014,5,True,['1'],"{'@type': 'Point', 'coordinates': [10.125, 59.0467], 'nearest': False}",,SN27780,19.0,LARVIK,3805,TJØLLING,,Tjølling,['NIBIO'],2005-01-01T00:00:00.000Z,0-578-0-27780,
SensorSystem,Norge,NO,NORDLAND,18.0,1.0,2019,2003,17,True,"['01112', '10.249.0.31', 'ENBN']","{'@type': 'Point', 'coordinates': [12.2182, 65.4567], 'nearest': False}",['ENBN'],SN76330,9.0,BRØNNØY,1813,BRØNNØYSUND LUFTHAVN,,Brønnøysund,['AVINOR'],1968-07-01T00:00:00.000Z,0-20000-0-01112,1112.0
SensorSystem,Norge,NO,INNLANDET,34.0,1.0,2012,2006,7,True,"['01385', '10.249.0.93', 'ENHA']","{'@type': 'Point', 'coordinates': [11.0697, 60.818], 'nearest': False}",['ENHA'],SN12320,221.0,HAMAR,3403,HAMAR - STAVSBERG,,Hamar Stavsberg,['MET.NO'],1956-05-18T00:00:00.000Z,0-20000-0-01385,1385.0
SensorSystem,Norge,NO,VESTLAND,46.0,1.0,2019,2009,11,True,"['01355', '10.249.0.106']","{'@type': 'Point', 'coordinates': [7.5025, 61.1033], 'nearest': False}",,SN54110,2.0,LÆRDAL,4642,LÆRDAL IV,,Lærdal,['MET.NO'],2008-09-12T00:00:00.000Z,0-20000-0-01355,1355.0
SensorSystem,Norge,NO,TROMS OG FINNMARK,54.0,2.0,2019,2004,15,True,"['01088', '10.249.0.178', '10.249.0.41', 'ENVD']","{'@type': 'Point', 'coordinates': [29.8352, 70.0653], 'nearest': False}",['ENVD'],SN98790,39.0,VADSØ,5405,VADSØ LUFTHAVN,,Vadsø LH,['AVINOR'],1974-08-01T00:00:00.000Z,0-20000-0-01088,1088.0
SensorSystem,Norge,NO,NORDSJØEN,26.0,4.0,2019,1990,20,True,"['01300', 'ENGC', 'LF3J']","{'@type': 'Point', 'coordinates': [2.2687, 61.2042], 'nearest': False}",['ENGC'],SN76923,80.0,NORDSJØEN,2600,GULLFAKS C,['LF3J'],Gullfaks C,['STATOIL ASA'],1989-11-01T00:00:00.000Z,0-20000-0-01300,1300.0
SensorSystem,Norge,NO,OSLO,3.0,1.0,2012,2008,5,True,"['01489', '10.249.0.46', '10.249.1.131', '10.249.1.45', '1489']","{'@type': 'Point', 'coordinates': [10.6878, 60.0513], 'nearest': False}",,SN18500,360.0,OSLO,301,BJØRNHOLT,,Bjørnholt,['MET.NO'],1876-01-01T00:00:00.000Z,0-20000-0-01489,1489.0
SensorSystem,Svalbard og Jan Mayen,SJ,SVALBARD,21.0,1.0,2012,2011,2,True,"['01020', '300134010618090', '300234011933560']","{'@type': 'Point', 'coordinates': [16.5488, 76.4777], 'nearest': False}",,SN99752,10.0,SVALBARD,2100,SØRKAPPØYA,,Sørkappøya,['MET.NO'],1908-09-01T00:00:00.000Z,0-20000-0-01020,1020.0
SensorSystem,Norges stasjoner i Antarktis,AQ,,,1.0,2012,2010,3,True,['89504'],"{'@type': 'Point', 'coordinates': [2.5408, -72.012], 'nearest': False}",,SN99990,1310.0,Dronning Maud Land,7106001,TROLL I ANTARKTIS,,Troll Antarktis,['NORSK POLARINSTITUTT'],2005-05-23T00:00:00.000Z,0-20000-0-89504,89504.0
SensorSystem,Norge,NO,ROGALAND,11.0,2.0,2019,2000,17,True,"['01425', '10.249.1.24']","{'@type': 'Point', 'coordinates': [6.5045, 58.507], 'nearest': False}",,SN43010,65.0,LUND,1112,EIK - HOVE,,Eik - Hove,['MET.NO'],1998-02-19T00:00:00.000Z,0-20000-0-01425,1425.0
SensorSystem,Norge,NO,INNLANDET,34.0,1.0,2012,2008,5,True,"['01368', '10.249.0.70', 'ENFG']","{'@type': 'Point', 'coordinates': [9.2928, 61.0128], 'nearest': False}",['ENFG'],SN23410,822.0,NORD-AURDAL,3451,FAGERNES LUFTHAMN,,Fagernes LH,['AVINOR'],1987-01-01T00:00:00.000Z,0-20000-0-01368,1368.0
SensorSystem,Norge,NO,VESTLAND,46.0,16.0,2014,1968,23,True,"['01433', '1229047', '1701']","{'@type': 'Point', 'coordinates': [6.9825, 59.8402], 'nearest': False}",,SN46510,1079.0,ULLENSVANG,4618,E134 MIDTLÆGER,,Midtlæger,['STATENS VEGVESEN'],1967-02-01T00:00:00.000Z,,
SensorSystem,Norge,NO,VIKEN,30.0,1.0,2019,2013,7,True,['19'],"{'@type': 'Point', 'coordinates': [10.2598, 59.7908], 'nearest': False}",,SN19940,39.0,LIER,3049,LIER,,Lier,['NIBIO'],2005-01-01T00:00:00.000Z,0-578-0-19940,
SensorSystem,Norge,NO,ROGALAND,11.0,13.0,2019,1919,79,True,"['01412', '10.249.0.185']","{'@type': 'Point', 'coordinates': [5.5553, 58.6592], 'nearest': False}",,SN44080,24.0,HÅ,1119,OBRESTAD FYR,,Obrestad fyr,['MET.NO'],1919-01-01T00:00:00.000Z,0-20000-0-01412,1412.0
SensorSystem,Norge,NO,INNLANDET,34.0,1.0,2012,2011,2,True,"['01239', '10.249.0.74']","{'@type': 'Point', 'coordinates': [9.5423, 62.2207], 'nearest': False}",,SN9310,1012.0,DOVRE,3431,HJERKINN II,,Hjerkinn,['BANE NOR'],2010-09-06T00:00:00.000Z,0-20000-0-01239,1239.0
SensorSystem,Norge,NO,AGDER,42.0,1.0,1926,1922,5,True,,"{'@type': 'Point', 'coordinates': [9.098, 58.8037], 'nearest': False}",,SN35090,42.0,GJERSTAD,4211,EIKELAND,,Eikeland,['MET.NO'],1980-06-01T00:00:00.000Z,0-578-0-35090,
SensorSystem,Norge,NO,VESTFOLD OG TELEMARK,38.0,1.0,2019,2014,6,True,['16'],"{'@type': 'Point', 'coordinates': [9.0287, 59.4175], 'nearest': False}",,SN32240,105.0,MIDT-TELEMARK,3817,BØ,,Bø,['NIBIO'],2005-01-01T00:00:00.000Z,0-578-0-32240,
SensorSystem,Norge,NO,VESTLAND,46.0,1.0,2019,2006,14,True,"['01310', '10.249.1.174', 'ENFL']","{'@type': 'Point', 'coordinates': [5.0278, 61.5832], 'nearest': False}",['ENFL'],SN57710,9.0,KINN,4602,FLORØ LUFTHAMN,,Florø LH,['AVINOR'],1971-06-01T00:00:00.000Z,0-20000-0-01310,1310.0
SensorSystem,Norge,NO,VESTFOLD OG TELEMARK,38.0,1.0,2019,1900,120,True,"['01482', '10.249.0.189']","{'@type': 'Point', 'coordinates': [10.5242, 59.0272], 'nearest': False}",,SN27500,6.0,FÆRDER,3811,FÆRDER FYR,,Færder fyr,['MET.NO'],1885-01-01T00:00:00.000Z,0-20000-0-01482,1482.0
SensorSystem,Norge,NO,VESTFOLD OG TELEMARK,38.0,2.0,2019,1981,36,True,['01450'],"{'@type': 'Point', 'coordinates': [8.1785, 59.8397], 'nearest': False}",,SN31620,977.0,VINJE,3825,MØSSTRAND II,,Møsstrand,['MET.NO'],1980-11-01T00:00:00.000Z,0-20000-0-01450,1450.0
SensorSystem,Norge,NO,INNLANDET,34.0,9.0,2019,1931,76,True,"['01381', '1381', '22']","{'@type': 'Point', 'coordinates': [10.8695, 60.7002], 'nearest': False}",,SN11500,264.0,ØSTRE TOTEN,3442,ØSTRE TOTEN - APELSVOLL,,Apelsvoll,['NIBIO'],1930-09-08T00:00:00.000Z,0-20000-0-01381,1381.0
SensorSystem,Norge,NO,ROGALAND,11.0,1.0,2019,2012,8,True,"['01417', '10.249.0.188']","{'@type': 'Point', 'coordinates': [5.7208, 59.4927], 'nearest': False}",,SN46930,20.0,VINDAFJORD,1160,VATS I VINDAFJORD,,Vats (Vindafj),['MET.NO'],2011-10-21T00:00:00.000Z,0-20000-0-01417,1417.0
SensorSystem,Norge,NO,VIKEN,30.0,1.0,2019,2009,11,True,"['1500', '9']","{'@type': 'Point', 'coordinates': [11.3905, 59.3882], 'nearest': False}",,SN3290,100.0,RAKKESTAD,3016,RAKKESTAD,,Rakkestad,['NIBIO'],1991-01-01T00:00:00.000Z,0-578-0-3290,
SensorSystem,Norge,NO,INNLANDET,34.0,,2012,2012,1,True,"['01370', '10.249.0.168']","{'@type': 'Point', 'coordinates': [9.4023, 61.5308], 'nearest': False}",,SN13655,928.0,NORD-FRON,3436,SKÅBU,,Skåbu ,['MET.NO'],2011-06-08T00:00:00.000Z,0-20000-0-01370,1370.0
SensorSystem,Norge,NO,NORDLAND,18.0,3.0,2019,2010,8,True,"['01158', '10.249.0.86']","{'@type': 'Point', 'coordinates': [15.4857, 67.1658], 'nearest': False}",,SN82000,7.0,SALTDAL,1840,SETSÅ,,Setså,['BANE NOR'],2009-02-04T00:00:00.000Z,0-20000-0-01158,1158.0
SensorSystem,Norge,NO,INNLANDET,34.0,1.0,2012,2009,4,True,"['01386', '10.249.0.103']","{'@type': 'Point', 'coordinates': [11.095, 60.8002], 'nearest': False}",,SN12290,141.0,HAMAR,3403,HAMAR II,,Hamar (Disen),['MET.NO'],1968-05-20T00:00:00.000Z,0-20000-0-01386,1386.0
SensorSystem,Norge,NO,TROMS OG FINNMARK,54.0,3.0,2019,1934,81,True,"['01033', '10.249.1.135']","{'@type': 'Point', 'coordinates': [19.4997, 70.2452], 'nearest': False}",,SN90800,21.0,KARLSØY,5423,TORSVÅG FYR,,Torsvåg fyr,['MET.NO'],1933-09-11T00:00:00.000Z,0-20000-0-01033,1033.0
SensorSystem,Norge,NO,NORDLAND,18.0,2.0,2019,1992,27,True,"['01108', '10.249.0.198']","{'@type': 'Point', 'coordinates': [11.8562, 65.7017], 'nearest': False}",,SN76450,4.0,VEGA,1815,VEGA - VALLSJØ,,Vega,['MET.NO'],1991-02-01T00:00:00.000Z,0-20000-0-01108,1108.0
SensorSystem,Norge,NO,VIKEN,30.0,79.0,2018,1924,17,True,"['01466', '10.249.0.126', '1466', 'ENKJ']","{'@type': 'Point', 'coordinates': [11.0383, 59.9708], 'nearest': False}",['ENKJ'],SN4200,108.0,LILLESTRØM,3030,KJELLER,,Kjeller,"['KJELLER FLYSTASJON', 'MET.NO']",1923-03-22T00:00:00.000Z,0-20000-0-01466,1466.0
SensorSystem,Norge,NO,AGDER,42.0,1.0,1926,1919,8,True,,"{'@type': 'Point', 'coordinates': [8.2888, 58.633], 'nearest': False}",,SN38600,245.0,FROLAND,4214,MYKLAND,,Mykland,['MET.NO'],1895-07-01T00:00:00.000Z,0-578-0-38600,
SensorSystem,Norge,NO,NORDLAND,18.0,,2012,2012,1,True,"['01135', '10.249.0.80']","{'@type': 'Point', 'coordinates': [13.5867, 66.1317], 'nearest': False}",,SN78360,126.0,VEFSN,1824,SELJELIA,,Seljelia,['BANE NOR'],2011-10-14T00:00:00.000Z,0-20000-0-01135,1135.0
SensorSystem,Norge,NO,AGDER,42.0,2.0,2018,1967,51,True,['01459'],"{'@type': 'Point', 'coordinates': [8.63, 58.6582], 'nearest': False}",,SN36560,142.0,ÅMLI,4217,NELAUG,,Nelaug,['MET.NO'],1966-07-01T00:00:00.000Z,0-20000-0-01459,1459.0
SensorSystem,Norge,NO,ROGALAND,11.0,1.0,2019,1936,84,True,"['01415', '10.249.0.173', '10.249.0.64', 'ENZV']","{'@type': 'Point', 'coordinates': [5.637, 58.8843], 'nearest': False}",['ENZV'],SN44560,7.0,SOLA,1124,SOLA,,Sola,"['AVINOR', 'MET.NO']",1935-05-21T00:00:00.000Z,0-20000-0-01415,1415.0
SensorSystem,Norge,NO,VESTLAND,46.0,1.0,2012,2009,4,True,"['01352', '10.249.0.107']","{'@type': 'Point', 'coordinates': [7.4805, 60.1833], 'nearest': False}",,SN29400,1250.0,EIDFJORD,4619,SANDHAUG,,Sandhaug,['MET.NO'],2008-10-04T00:00:00.000Z,0-20000-0-01352,1352.0
SensorSystem,Norge,NO,TRØNDELAG,50.0,2.0,2019,1955,64,True,"['01241', '10.249.0.56', 'ENOL']","{'@type': 'Point', 'coordinates': [9.6105, 63.7045], 'nearest': False}",['ENOL'],SN71550,10.0,ØRLAND,5057,ØRLAND III,,Ørland,['MET.NO'],1954-07-01T00:00:00.000Z,0-20000-0-01241,1241.0
SensorSystem,Norge,NO,TROMS OG FINNMARK,54.0,2.0,2019,2006,13,True,"['01027', '1027', '30']","{'@type': 'Point', 'coordinates': [18.9095, 69.6538], 'nearest': False}",,SN90400,20.0,TROMSØ,5401,TROMSØ - HOLT,,Tromsø (Holt),['NIBIO'],1987-05-04T00:00:00.000Z,0-20000-0-01027,1027.0
SensorSystem,Norge,NO,NORDLAND,18.0,1.0,1989,1972,18,True,,"{'@type': 'Point', 'coordinates': [15.5892, 67.3605], 'nearest': False}",,SN82650,3.0,SØRFOLD,1845,VALLJORD,,Valljord,['SISO ENERGI AS'],1971-10-01T00:00:00.000Z,0-578-0-82650,
SensorSystem,Svalbard og Jan Mayen,SJ,SVALBARD,21.0,1.0,2012,2011,2,True,"['01017', '300134010702680']","{'@type': 'Point', 'coordinates': [14.7632, 77.6902], 'nearest': False}",,SN99765,20.0,SVALBARD,2100,AKSELØYA,,Akseløya,['MET.NO'],1898-09-01T00:00:00.000Z,,1017.0
SensorSystem,Norge,NO,NORDLAND,18.0,3.0,2019,1963,54,True,"['01010', '10.249.0.55', '10.249.1.89', 'ENAN']","{'@type': 'Point', 'coordinates': [16.1312, 69.3073], 'nearest': False}",['ENAN'],SN87110,10.0,ANDØY,1871,ANDØYA,,Andøya LH,"['AVINOR', 'MET.NO']",1958-01-01T00:00:00.000Z,0-20000-0-01010,1010.0
SensorSystem,Norge,NO,VIKEN,30.0,54.0,2019,1934,33,True,['13'],"{'@type': 'Point', 'coordinates': [10.8145, 59.3188], 'nearest': False}",,SN17050,12.0,RÅDE,3017,RÅDE - TOMB,,Tomb,['NIBIO'],1942-03-01T00:00:00.000Z,0-578-0-17050,
SensorSystem,Norge,NO,TROMS OG FINNMARK,54.0,2.0,2019,2007,12,True,"['01068', '10.249.0.27', 'ENHV']","{'@type': 'Point', 'coordinates': [25.9782, 71.0105], 'nearest': False}",['ENHV'],SN94680,14.0,NORDKAPP,5435,HONNINGSVÅG LUFTHAVN,,Honningsvåg,"['MET.NO', 'AVINOR']",1977-07-01T00:00:00.000Z,0-20000-0-01068,1068.0
SensorSystem,Norge,NO,TROMS OG FINNMARK,54.0,2.0,2012,2009,3,True,"['01042', '157.249.136.50']","{'@type': 'Point', 'coordinates': [22.4428, 70.607], 'nearest': False}",,SN93000,438.0,HASVIK,5433,HASVIK - SLUSKFJELLET,,Hasvik,['MET.NO'],2008-07-03T00:00:00.000Z,0-20000-0-01042,1042.0
SensorSystem,Norge,NO,NORDLAND,18.0,1.0,2012,2004,9,True,['01156'],"{'@type': 'Point', 'coordinates': [14.4347, 68.6072], 'nearest': False}",,SN86740,8.0,BØ,1867,BØ I VESTERÅLEN III,,Bø Vesterålen,['MET.NO'],2002-12-03T00:00:00.000Z,0-20000-0-01156,1156.0
SensorSystem,Norge,NO,TROMS OG FINNMARK,54.0,1.0,2019,2004,16,True,"['01074', '10.249.0.52', 'ENMH']","{'@type': 'Point', 'coordinates': [27.8298, 71.033], 'nearest': False}",['ENMH'],SN96310,13.0,GAMVIK,5439,MEHAMN LUFTHAVN,,Mehamn LH,"['MET.NO', 'AVINOR']",1974-08-01T00:00:00.000Z,0-20000-0-01074,1074.0
SensorSystem,Norge,NO,NORDLAND,18.0,1.0,2018,2008,11,True,"['01121', '10.249.0.164']","{'@type': 'Point', 'coordinates': [12.611, 66.3705], 'nearest': False}",,SN80102,10.0,LURØY,1834,SOLVÆR III,,Solvær,['MET.NO'],2007-11-01T00:00:00.000Z,0-20000-0-01121,1121.0
SensorSystem,Norge,NO,VESTFOLD OG TELEMARK,38.0,2.0,2019,1998,21,True,"['01470', '10.249.0.133', '10.30.214.1']","{'@type': 'Point', 'coordinates': [9.2128, 59.3822], 'nearest': False}",,SN32060,93.0,MIDT-TELEMARK,3817,GVARV - NES,,Gvarv,['MET.NO'],1997-05-13T00:00:00.000Z,0-20000-0-01470,1470.0
SensorSystem,Norge,NO,VIKEN,30.0,1.0,2019,2004,16,True,"['01473', '10.30.214.2']","{'@type': 'Point', 'coordinates': [9.6377, 59.6247], 'nearest': False}",,SN28380,170.0,KONGSBERG,3006,KONGSBERG BRANNSTASJON,,Kongsberg,['MET.NO'],2003-02-17T00:00:00.000Z,0-20000-0-01473,1473.0
SensorSystem,Norge,NO,VIKEN,30.0,1.0,2019,1941,79,True,"['01384', 'ENGM']","{'@type': 'Point', 'coordinates': [11.0802, 60.2065], 'nearest': False}",['ENGM'],SN4780,202.0,ULLENSAKER,3033,GARDERMOEN,,Gardermoen,['AVINOR'],1940-05-13T00:00:00.000Z,0-20000-0-01384,1384.0
SensorSystem,Norge,NO,INNLANDET,34.0,3.0,2019,2003,15,True,"['01397', '10.249.1.118']","{'@type': 'Point', 'coordinates': [12.2718, 61.2943], 'nearest': False}",,SN180,360.0,TRYSIL,3421,TRYSIL VEGSTASJON,,Trysil Mosanden,['MET.NO'],1993-11-10T00:00:00.000Z,0-20000-0-01397,1397.0
SensorSystem,Norge,NO,VESTLAND,46.0,4.0,2019,1991,23,True,"['01304', '10.249.1.34']","{'@type': 'Point', 'coordinates': [4.6817, 61.5717], 'nearest': False}",,SN57770,26.0,KINN,4602,YTTERØYANE FYR,,Ytterøyane fyr,['MET.NO'],1984-09-01T00:00:00.000Z,0-20000-0-01304,1304.0
SensorSystem,Norge,NO,INNLANDET,34.0,9.0,2019,1951,50,True,"['01382', '1382', '21']","{'@type': 'Point', 'coordinates': [10.8055, 60.7733], 'nearest': False}",,SN12550,128.0,RINGSAKER,3411,KISE PA HEDMARK,,Kise på Hedmark,['NIBIO'],1951-04-01T00:00:00.000Z,0-20000-0-01382,1382.0
SensorSystem,Norge,NO,TROMS OG FINNMARK,54.0,1.0,2018,2005,14,True,['01037'],"{'@type': 'Point', 'coordinates': [20.2823, 69.3875], 'nearest': False}",,SN91380,20.0,STORFJORD,5425,SKIBOTN II,,Skibotn,['MET.NO'],2004-11-01T00:00:00.000Z,0-20000-0-01037,1037.0
SensorSystem,Norge,NO,VESTFOLD OG TELEMARK,38.0,,2016,2016,1,True,,"{'@type': 'Point', 'coordinates': [7.913, 60.018], 'nearest': False}",,SN31660,954.0,VINJE,3825,MOGEN,,Mogen,['HYDRO ENERGY AS'],1930-09-01T00:00:00.000Z,0-578-0-31660,
SensorSystem,Norge,NO,TROMS OG FINNMARK,54.0,1.0,2019,2009,11,True,"['01084', '32']","{'@type': 'Point', 'coordinates': [30.041, 69.4552], 'nearest': False}",,SN99460,27.0,SØR-VARANGER,5444,PASVIK - SVANVIK,,Svanvik,"['NIBIO', 'MET.NO']",1973-01-01T00:00:00.000Z,0-20000-0-01084,1084.0
SensorSystem,Norge,NO,INNLANDET,34.0,2.0,2019,1983,36,True,"['01378', '10.249.1.155']","{'@type': 'Point', 'coordinates': [10.4762, 61.0917], 'nearest': False}",,SN12680,240.0,LILLEHAMMER,3405,LILLEHAMMER - SÆTHERENGEN,,Lillehammer,['MET.NO'],1982-12-01T00:00:00.000Z,0-20000-0-01378,1378.0
SensorSystem,Norge,NO,NORDLAND,18.0,1.0,2019,2005,15,True,"['01144', '10.249.1.152']","{'@type': 'Point', 'coordinates': [13.8958, 67.4048], 'nearest': False}",,SN82410,24.0,BODØ,1804,HELLIGVÆR II,,Helligvær,['MET.NO'],2005-01-27T00:00:00.000Z,0-20000-0-01144,1144.0
SensorSystem,Norge,NO,VESTLAND,46.0,3.0,2019,1951,67,True,"['01319', '10.249.0.89']","{'@type': 'Point', 'coordinates': [5.3813, 61.0272], 'nearest': False}",,SN52860,38.0,GULEN,4635,TAKLE,,Takle,['MET.NO'],1950-06-01T00:00:00.000Z,0-20000-0-01319,1319.0
SensorSystem,Norge,NO,TROMS OG FINNMARK,54.0,4.0,2019,1967,45,True,['01057'],"{'@type': 'Point', 'coordinates': [24.4312, 69.3695], 'nearest': False}",,SN97350,286.0,KARASJOK,5437,CUOVDDATMOHKKI,,Čoavddatmohkki,['MET.NO'],1955-01-01T00:00:00.000Z,0-20000-0-01057,1057.0
SensorSystem,Norge,NO,TROMS OG FINNMARK,54.0,,2012,2012,1,True,['1513'],"{'@type': 'Point', 'coordinates': [18.982, 69.6942], 'nearest': False}",,SN90495,80.0,TROMSØ,5401,STAKKEVOLLAN,,Stakkevollan ,['TROMSØ KOMMUNE'],2011-10-20T00:00:00.000Z,0-578-0-90495,
SensorSystem,Norge,NO,OSLO,3.0,1.0,2019,1938,82,True,"['01492', '10.249.0.189', '157.249.0.180:6785']","{'@type': 'Point', 'coordinates': [10.72, 59.9423], 'nearest': False}",,SN18700,94.0,OSLO,301,OSLO - BLINDERN,,Oslo (Blindern),['MET.NO'],1931-01-01T00:00:00.000Z,0-20000-0-01492,1492.0
SensorSystem,Norge,NO,TRØNDELAG,50.0,1.0,2019,2010,10,True,"['01272', '1272', '4']","{'@type': 'Point', 'coordinates': [10.6932, 63.5652], 'nearest': False}",,SN69655,32.0,FROSTA,5036,FROSTA,,Frosta,['NIBIO'],1989-12-01T00:00:00.000Z,0-20000-0-01272,1272.0
SensorSystem,Norge,NO,NORDLAND,18.0,24.0,2019,1958,38,True,['31'],"{'@type': 'Point', 'coordinates': [15.2832, 68.648], 'nearest': False}",,SN86520,14.0,SORTLAND,1870,SORTLAND - KLEIVA,,Sortland (Biof.),['NIBIO'],1956-01-01T00:00:00.000Z,0-578-0-86520,
SensorSystem,Norge,NO,TRØNDELAG,50.0,1.0,2019,2008,12,True,['01273'],"{'@type': 'Point', 'coordinates': [11.0075, 63.2248], 'nearest': False}",,SN68290,160.0,SELBU,5032,SELBU II,,Selbu,['MET.NO'],2007-09-26T00:00:00.000Z,0-20000-0-01273,1273.0
SensorSystem,Svalbard og Jan Mayen,SJ,SVALBARD,21.0,22.0,2019,1935,46,True,"['01005', '01013', '10.249.0.5', 'LML']","{'@type': 'Point', 'coordinates': [13.6192, 78.0625], 'nearest': False}",,SN99790,7.0,SVALBARD,2100,ISFJORD RADIO,['LML'],Isfjord radio,['MET.NO'],1934-09-03T00:00:00.000Z,0-744-0-99790,1013.0
SensorSystem,Svalbard og Jan Mayen,SJ,SVALBARD,21.0,1.0,2019,1976,44,True,"['01008', '10.249.0.179', '10.249.0.28', '10.249.0.67', 'ENSB']","{'@type': 'Point', 'coordinates': [15.5015, 78.2453], 'nearest': False}",['ENSB'],SN99840,28.0,SVALBARD,2100,SVALBARD LUFTHAVN,,Svalbard LH,"['MET.NO', 'AVINOR']",1964-10-16T00:00:00.000Z,0-20000-0-01008,1008.0
SensorSystem,Norge,NO,ROGALAND,11.0,2.0,2019,1900,119,True,"['01403', '10.249.0.16']","{'@type': 'Point', 'coordinates': [4.8723, 59.3065], 'nearest': False}",,SN47300,55.0,UTSIRA,1151,UTSIRA FYR,,Utsira,['MET.NO'],1860-01-01T00:00:00.000Z,0-20000-0-01403,1403.0
SensorSystem,Norge,NO,NORDLAND,18.0,2.0,2019,2004,15,True,"['01183', '10.249.0.176', '10.249.0.38', 'ENEV']","{'@type': 'Point', 'coordinates': [16.6833, 68.4912], 'nearest': False}",['ENEV'],SN84970,26.0,EVENES,1853,EVENES LUFTHAVN,,Evenes LH,['AVINOR'],1973-07-01T00:00:00.000Z,0-20000-0-01183,1183.0
SensorSystem,Norge,NO,TROMS OG FINNMARK,54.0,3.0,2018,1925,90,True,['01092'],"{'@type': 'Point', 'coordinates': [30.07, 70.7057], 'nearest': False}",,SN98400,9.0,BÅTSFJORD,5443,MAKKAUR FYR,,Makkaur fyr,['MET.NO'],1924-01-01T00:00:00.000Z,0-20000-0-01092,1092.0
SensorSystem,Norge,NO,TRØNDELAG,50.0,1.0,2019,1946,74,True,"['01271', '10.249.0.13', '10.249.1.47', 'ENVA']","{'@type': 'Point', 'coordinates': [10.9305, 63.4597], 'nearest': False}",['ENVA'],SN69100,12.0,STJØRDAL,5035,VÆRNES,,Værnes,"['MET.NO', 'AVINOR']",1940-04-17T00:00:00.000Z,0-20000-0-01271,1271.0
SensorSystem,Norge,NO,VIKEN,30.0,2.0,2019,2008,10,True,"['01376', '10.249.0.87']","{'@type': 'Point', 'coordinates': [9.605, 60.383], 'nearest': False}",,SN24710,142.0,FLÅ,3039,GULSVIK II,,Gulsvik,['BANE NOR'],1922-12-01T00:00:00.000Z,0-20000-0-01376,1376.0
SensorSystem,Norge,NO,VIKEN,30.0,1.0,2019,2006,14,True,"['01480', '10.249.0.215']","{'@type': 'Point', 'coordinates': [10.1237, 59.7537], 'nearest': False}",,SN26900,8.0,DRAMMEN,3005,DRAMMEN - BERSKOG,,Berskog,['MET.NO'],2004-09-20T00:00:00.000Z,0-20000-0-01480,1480.0
SensorSystem,Norge,NO,NORDSJØEN,26.0,5.0,1985,1979,3,True,"['ENSF', 'LF6L']","{'@type': 'Point', 'coordinates': [1.8522, 61.2553], 'nearest': False}",['ENSF'],SN76922,118.0,NORDSJØEN,2600,STATFJORD A,['LF6L'],Statfjord A,['STATOIL ASA'],1978-01-01T00:00:00.000Z,0-20000-0-01399,1399.0
SensorSystem,Norge,NO,VESTLAND,46.0,1.0,2019,2004,16,True,"['01347', '10.249.0.61', 'ENSG']","{'@type': 'Point', 'coordinates': [7.1413, 61.158], 'nearest': False}",['ENSG'],SN55700,497.0,SOGNDAL,4640,SOGNDAL LUFTHAMN,,Sogndal LH,['AVINOR'],1971-06-01T00:00:00.000Z,0-20000-0-01347,1347.0
SensorSystem,Norge,NO,INNLANDET,34.0,4.0,2019,1996,21,True,"['01375', '10.249.0.112']","{'@type': 'Point', 'coordinates': [10.1277, 61.4648], 'nearest': False}",,SN13160,1030.0,RINGEBU,3439,KVITFJELL,,Kvitfjell,['MET.NO'],1992-09-16T00:00:00.000Z,0-20000-0-01375,1375.0
SensorSystem,Norge,NO,ROGALAND,11.0,,2012,2012,1,True,['10.249.0.157'],"{'@type': 'Point', 'coordinates': [6.6467, 59.0552], 'nearest': False}",,SN45350,5.0,SANDNES,1108,LYSEBOTN,,Lysebotn,['LYSE PRODUKSJON AS'],1895-01-01T00:00:00.000Z,0-578-0-45350,
SensorSystem,Norge,NO,MØRE OG ROMSDAL,15.0,1.0,2019,1931,89,True,"['01218', '10.249.0.141']","{'@type': 'Point', 'coordinates': [7.4218, 62.2305], 'nearest': False}",,SN60500,11.0,NORDDAL,1524,TAFJORD,,Tafjord,['MET.NO'],1925-01-01T00:00:00.000Z,0-20000-0-01218,1218.0
SensorSystem,Norge,NO,ROGALAND,11.0,1.0,2019,2011,9,True,"['01419', '10.249.0.144']","{'@type': 'Point', 'coordinates': [6.1212, 59.0512], 'nearest': False}",,SN45530,300.0,STRAND,1130,LIARVATN,,Liarvatn,['LYSE PRODUKSJON AS'],2010-07-01T00:00:00.000Z,0-20000-0-01419,1419.0
SensorSystem,Norge,NO,INNLANDET,34.0,2.0,2019,1983,34,True,"['01367', '10.249.1.115']","{'@type': 'Point', 'coordinates': [9.224, 60.9785], 'nearest': False}",,SN23420,358.0,NORD-AURDAL,3451,FAGERNES,,Fagernes,['MET.NO'],1892-10-01T00:00:00.000Z,0-20000-0-01367,1367.0
SensorSystem,Norge,NO,TRØNDELAG,50.0,2.0,2019,2013,6,True,['6'],"{'@type': 'Point', 'coordinates': [12.0197, 64.5103], 'nearest': False}",,SN72710,32.0,OVERHALLA,5047,OVERHALLA - SKOGMO,,Skogmo,['NIBIO'],1991-01-02T00:00:00.000Z,0-578-0-72710,
SensorSystem,Norge,NO,VESTFOLD OG TELEMARK,38.0,2.0,2019,2016,3,True,,"{'@type': 'Point', 'coordinates': [10.4647, 59.4198], 'nearest': False}",,SN27160,95.0,HORTEN,3801,HORTEN II,,Horten,['HORTEN KOMMUNE'],2015-04-22T00:00:00.000Z,0-578-0-27160,
SensorSystem,Norge,NO,NORDLAND,18.0,52.0,2019,1923,46,True,,"{'@type': 'Point', 'coordinates': [18.0767, 68.4323], 'nearest': False}",,SN84900,512.0,NARVIK,1806,BJØRNFJELL,,Bjørnfjell,['BANE NOR'],1922-12-08T00:00:00.000Z,0-578-0-84900,
SensorSystem,Norge,NO,VIKEN,30.0,2.0,2019,1996,23,True,"['01495', '10.249.0.110']","{'@type': 'Point', 'coordinates': [10.8288, 59.1513], 'nearest': False}",,SN17000,10.0,FREDRIKSTAD,3004,STRØMTANGEN FYR,,Strømtangen,['MET.NO'],1994-05-09T00:00:00.000Z,0-20000-0-01495,1495.0
SensorSystem,Norge,NO,TROMS OG FINNMARK,54.0,1.0,2019,2004,16,True,"['01052', '10.249.0.53', 'ENHF']","{'@type': 'Point', 'coordinates': [23.6772, 70.6807], 'nearest': False}",['ENHF'],SN94280,81.0,HAMMERFEST,5406,HAMMERFEST LUFTHAVN,,Hammerfest,"['MET.NO', 'AVINOR']",1974-08-01T00:00:00.000Z,0-20000-0-01052,1052.0
SensorSystem,Norge,NO,TROMS OG FINNMARK,54.0,9.0,2019,1957,49,True,"['01059', '10.249.0.51', 'ENNA']","{'@type': 'Point', 'coordinates': [24.99, 70.06], 'nearest': False}",['ENNA'],SN95350,5.0,PORSANGER,5436,BANAK,,Banak,['AVINOR'],1945-08-01T00:00:00.000Z,0-20000-0-01059,1059.0
SensorSystem,Norge,NO,AGDER,42.0,2.0,2019,1941,78,True,"['01452', '10.249.0.47', 'ENCN']","{'@type': 'Point', 'coordinates': [8.0767, 58.2], 'nearest': False}",['ENCN'],SN39040,12.0,KRISTIANSAND,4204,KJEVIK,,Kjevik,"['MET.NO', 'AVINOR']",1939-06-01T00:00:00.000Z,0-20000-0-01452,1452.0
SensorSystem,Svalbard og Jan Mayen,SJ,SVALBARD,21.0,1.0,2012,2011,2,True,"['01006', '300134010717180', '300234011935560']","{'@type': 'Point', 'coordinates': [22.8225, 78.2508], 'nearest': False}",,SN99735,14.0,SVALBARD,2100,EDGEØYA - KAPP HEUGLIN,,Edgeøya,['MET.NO'],1992-09-03T00:00:00.000Z,0-20000-0-01006,1006.0
SensorSystem,Norge,NO,INNLANDET,34.0,1.0,2019,2011,9,True,"['01250', '212.169.107.105']","{'@type': 'Point', 'coordinates': [9.9947, 62.1282], 'nearest': False}",,SN9160,694.0,FOLLDAL,3429,FOLLDAL - FREDHEIM,,Folldal ,['Private owner'],2011-02-11T00:00:00.000Z,0-20000-0-01250,1250.0
SensorSystem,Norge,NO,TROMS OG FINNMARK,54.0,3.0,2019,1955,61,True,"['01055', '10.249.0.171']","{'@type': 'Point', 'coordinates': [23.9817, 71.0937], 'nearest': False}",,SN94500,13.0,MÅSØY,5434,FRUHOLMEN FYR,,Fruholmen fyr,['MET.NO'],1867-09-01T00:00:00.000Z,0-20000-0-01055,1055.0
SensorSystem,Norge,NO,NORDLAND,18.0,1.0,2012,2011,2,True,"['01192', '10.249.0.129']","{'@type': 'Point', 'coordinates': [17.662, 68.432], 'nearest': False}",,SN84500,200.0,NARVIK,1806,STRAUMSNES,,Straumsnes,['BANE NOR'],2011-01-25T00:00:00.000Z,0-20000-0-01192,1192.0
SensorSystem,Norge,NO,VIKEN,30.0,11.0,2019,1901,104,True,"['01463', '1463']","{'@type': 'Point', 'coordinates': [10.7818, 59.6605], 'nearest': False}",,SN17850,92.0,ÅS,3021,ÅS,,Ås (NMBU),"['MET.NO', 'NORGES MILJØ- OG BIOVITENSKAPELIGE UNIVERSITET']",1874-01-01T00:00:00.000Z,0-20000-0-01463,1463.0
SensorSystem,Norge,NO,VESTLAND,46.0,1.0,2017,1970,48,True,['01318'],"{'@type': 'Point', 'coordinates': [6.1837, 61.788], 'nearest': False}",,SN58070,51.0,GLOPPEN,4650,SANDANE,,Sandane,['MET.NO'],1957-06-01T00:00:00.000Z,,
SensorSystem,Norge,NO,VIKEN,30.0,1.0,2012,2007,6,True,"['01358', '10.249.0.235', '10.249.0.45', '1358']","{'@type': 'Point', 'coordinates': [8.593, 60.8548], 'nearest': False}",,SN25110,604.0,HEMSEDAL,3042,HEMSEDAL II,,Hemsedal,['MET.NO'],2005-11-14T00:00:00.000Z,0-20000-0-01358,1358.0
SensorSystem,Norge,NO,NORSKEHAVET,24.0,,2011,2011,1,True,"['1302', '3ERR2', '6301001', 'BUOY1', 'LIPI']","{'@type': 'Point', 'coordinates': [5, 63.5], 'nearest': False}",,SN76933,,NORSKEHAVET,2400,ORMEN LANGE,"['3ERR2', '6301001', 'BUOY1', 'LIPI']",Ormen Lange,['NORSKE SHELL'],2007-09-12T00:00:00.000Z,0-578-0-76933,
SensorSystem,Norge,NO,VESTFOLD OG TELEMARK,38.0,2.0,2019,2004,15,True,"['10.249.0.9', '1479', 'ENNO']","{'@type': 'Point', 'coordinates': [9.2105, 59.5667], 'nearest': False}",['ENNO'],SN30650,20.0,NOTODDEN,3808,NOTODDEN FLYPLASS,,Notodden flypl,['NOTODDEN LUFTHAVN'],1970-03-05T00:00:00.000Z,0-578-0-30650,1479.0
SensorSystem,Norge,NO,NORSKEHAVET,24.0,3.0,2017,2010,5,True,"['1202', 'ENDR', 'LF3F']","{'@type': 'Point', 'coordinates': [7.77915, 64.352], 'nearest': False}",['ENDR'],SN76925,55.0,NORSKEHAVET,2400,DRAUGEN,['LF3F'],Draugen,['OKEA AS'],1993-10-01T00:00:00.000Z,0-578-0-76925,1202.0
SensorSystem,Norge,NO,VIKEN,30.0,1.0,2019,2004,16,True,"['01373', '10.249.0.212']","{'@type': 'Point', 'coordinates': [9.1323, 60.567], 'nearest': False}",,SN24890,166.0,NESBYEN,3040,NESBYEN - TODOKK,,Nesbyen,['MET.NO'],2003-11-17T00:00:00.000Z,0-20000-0-01373,1373.0
SensorSystem,Norge,NO,TRØNDELAG,50.0,3.0,2019,2002,16,True,"['01270', '1270', '29']","{'@type': 'Point', 'coordinates': [10.8795, 63.4882], 'nearest': False}",,SN69150,27.0,STJØRDAL,5035,KVITHAMAR,,Kvithamar,['NIBIO'],1987-05-12T00:00:00.000Z,0-20000-0-01270,1270.0
SensorSystem,Norge,NO,AGDER,42.0,1.0,1916,1903,14,True,,"{'@type': 'Point', 'coordinates': [6.6498, 58.28415], 'nearest': False}",,SN42650,5.0,FLEKKEFJORD,4207,FLEKKEFJORD,,Flekkefjord,['MET.NO'],1940-11-01T00:00:00.000Z,0-578-0-42650,
SensorSystem,Svalbard og Jan Mayen,SJ,SVALBARD,21.0,,2010,2010,1,True,"['01003', '300125010101770']","{'@type': 'Point', 'coordinates': [15.5358, 77.0017], 'nearest': False}",,SN99754,10.0,SVALBARD,2100,HORNSUND,,Hornsund,['DEN POLSKE FORSKNINGSSTASJONEN'],1985-06-01T00:00:00.000Z,0-20000-0-01003,1003.0
SensorSystem,Norge,NO,NORDLAND,18.0,2.0,2019,2004,15,True,"['01122', '10.249.0.15', 'ENMS']","{'@type': 'Point', 'coordinates': [13.218, 65.7842], 'nearest': False}",['ENMS'],SN77230,72.0,VEFSN,1824,MOSJØEN LUFTHAVN,,Mosjøen LH,"['AVINOR', 'MET.NO']",1987-01-01T00:00:00.000Z,0-20000-0-01122,1122.0
SensorSystem,Norge,NO,VIKEN,30.0,7.0,2019,1914,99,True,"['01486', '10.249.0.193', '501151120']","{'@type': 'Point', 'coordinates': [10.4358, 59.8558], 'nearest': False}",,SN19710,163.0,ASKER,3025,ASKER,,Asker - Sem,['MET.NO'],1913-01-01T00:00:00.000Z,,1486.0
SensorSystem,Norge,NO,INNLANDET,34.0,1.0,2019,2005,15,True,"['01392', '10.249.1.156']","{'@type': 'Point', 'coordinates': [12.0125, 60.6142], 'nearest': False}",,SN6020,185.0,ÅSNES,3418,FLISA II,,Flisa,['MET.NO'],2003-11-17T00:00:00.000Z,0-20000-0-01392,1392.0
SensorSystem,Norge,NO,VIKEN,30.0,1.0,2019,2013,7,True,['74'],"{'@type': 'Point', 'coordinates': [10.4047, 59.6027], 'nearest': False}",,SN26950,4.0,DRAMMEN,3005,SVELVIK - KNEM,,Svelvik - Knem,['NIBIO'],2005-01-01T00:00:00.000Z,,
SensorSystem,Norge,NO,INNLANDET,34.0,10.0,2019,1979,31,True,"['01366', '10.249.0.181', '75.93']","{'@type': 'Point', 'coordinates': [7.9957, 61.5648], 'nearest': False}",,SN55290,1413.0,LOM,3434,SOGNEFJELLHYTTA,,Sognefjellhytta,"['MET.NO', 'NVE']",1978-12-01T00:00:00.000Z,0-20000-0-01366,1366.0
SensorSystem,Norge,NO,NORDLAND,18.0,1.0,2019,2005,15,True,"['01141', '10.249.0.17', '10.249.0.177', 'ENLK']","{'@type': 'Point', 'coordinates': [13.615, 68.155], 'nearest': False}",['ENLK'],SN85560,26.0,VESTVÅGØY,1860,LEKNES LUFTHAVN,,Leknes LH,"['MET.NO', 'AVINOR']",1972-06-01T00:00:00.000Z,0-20000-0-01141,1141.0
SensorSystem,Norge,NO,ROGALAND,11.0,,2012,2012,1,True,"['01414', '10.249.0.161']","{'@type': 'Point', 'coordinates': [5.078, 59.4382], 'nearest': False}",,SN47350,25.0,HAUGESUND,1106,RØVÆR,,Røvær ,['MET.NO'],2011-04-14T00:00:00.000Z,0-20000-0-01414,1414.0
SensorSystem,Norge,NO,INNLANDET,34.0,1.0,2012,2011,2,True,"['01364', '10.249.0.149', '73.11']","{'@type': 'Point', 'coordinates': [8.1125, 61.178], 'nearest': False}",,SN54710,956.0,VANG,3454,FILEFJELL - KYRKJESTØLANE,,Filefjell,['MET.NO'],1967-01-01T00:00:00.000Z,0-20000-0-01364,1364.0
SensorSystem,Norge,NO,AGDER,42.0,1.0,2019,2012,8,True,"['01444', '10.249.0.169']","{'@type': 'Point', 'coordinates': [7.5273, 59.1972], 'nearest': False}",,SN40250,308.0,VALLE,4221,VALLE,,Valle,['MET.NO'],1872-01-01T00:00:00.000Z,0-20000-0-01444,1444.0
SensorSystem,Norge,NO,AGDER,42.0,2.0,1976,1972,4,True,,"{'@type': 'Point', 'coordinates': [6.709, 58.6642], 'nearest': False}",,SN42810,55.0,SIRDAL,4228,TONSTAD - NETTFED,,Tonstad (Øst),['SIRA-KVINA KRAFTSELSKAP'],1972-01-01T00:00:00.000Z,0-578-0-42810,
SensorSystem,Norge,NO,VESTLAND,46.0,1.0,2019,2000,20,True,"['01344', '10.249.0.132']","{'@type': 'Point', 'coordinates': [6.9373, 60.7022], 'nearest': False}",,SN51800,695.0,VOSS,4621,MJØLFJELL UH,,Mjølfjell,['MET.NO'],1999-06-01T00:00:00.000Z,0-20000-0-01344,1344.0
SensorSystem,Norge,NO,INNLANDET,34.0,1.0,2018,2010,9,True,"['11', '1472']","{'@type': 'Point', 'coordinates': [12.0913, 60.2537], 'nearest': False}",,SN5660,170.0,KONGSVINGER,3401,ROVERUD,,Roverud,['NIBIO'],1991-01-01T00:00:00.000Z,0-578-0-5660,
SensorSystem,Norge,NO,ROGALAND,11.0,1.0,2019,2006,14,True,"['01413', '1413', '25']","{'@type': 'Point', 'coordinates': [5.6508, 58.7605], 'nearest': False}",,SN44300,87.0,KLEPP,1120,SÆRHEIM,,Særheim,['NIBIO'],1987-01-01T00:00:00.000Z,0-20000-0-01413,1413.0
SensorSystem,Norge,NO,VIKEN,30.0,1.0,2019,2007,13,True,['01471'],"{'@type': 'Point', 'coordinates': [9.1468, 60.0435], 'nearest': False}",,SN28922,275.0,ROLLAG,3051,VEGGLI II,,Veggli,['MET.NO'],2006-07-05T00:00:00.000Z,0-20000-0-01471,1471.0
SensorSystem,Norge,NO,INNLANDET,34.0,3.0,2019,2004,14,True,['01383'],"{'@type': 'Point', 'coordinates': [11.0803, 61.4255], 'nearest': False}",,SN8140,257.0,STOR-ELVDAL,3423,EVENSTAD,,Evenstad,['MET.NO'],2001-10-27T00:00:00.000Z,,1383.0
SensorSystem,Norge,NO,VESTLAND,46.0,1.0,2012,2011,2,True,"['01315', '10.249.0.101']","{'@type': 'Point', 'coordinates': [6.1105, 60.647], 'nearest': False}",,SN51440,17.0,VOSS,4621,EVANGER,,Evanger,['BANE NOR'],2010-12-13T00:00:00.000Z,0-20000-0-01315,1315.0
SensorSystem,Norge,NO,NORDLAND,18.0,,2012,2012,1,True,"['01148', '10.249.0.82']","{'@type': 'Point', 'coordinates': [14.53, 66.3962], 'nearest': False}",,SN79700,110.0,RANA,1833,STORFORSHEI,,Storforshei,['BANE NOR'],2011-06-09T00:00:00.000Z,0-20000-0-01148,1148.0
SensorSystem,Norge,NO,TROMS OG FINNMARK,54.0,2.0,2010,1999,11,True,['13'],"{'@type': 'Point', 'coordinates': [17.9008, 69.2342], 'nearest': False}",,SN88200,9.0,SENJA,5421,SENJA - LAUKHELLA,,Laukhella,['MET.NO'],1997-08-01T00:00:00.000Z,0-578-0-88200,
SensorSystem,Norge,NO,TROMS OG FINNMARK,54.0,1.0,2012,2008,5,True,"['01099', '10.249.0.71', 'ENSS']","{'@type': 'Point', 'coordinates': [31.044, 70.3545], 'nearest': False}",['ENSS'],SN98580,12.0,VARDØ,5404,VARDØ LUFTHAVN,,Vardø LH,['AVINOR'],1998-10-07T00:00:00.000Z,0-20000-0-01099,1099.0
SensorSystem,Norge,NO,VIKEN,30.0,1.0,2019,2007,13,True,"['01488', '10.249.0.66']","{'@type': 'Point', 'coordinates': [10.829, 60.1173], 'nearest': False}",,SN4460,170.0,NITTEDAL,3031,HAKADAL JERNBANESTASJON,,Hakadal,['BANE NOR'],2007-01-08T00:00:00.000Z,0-20000-0-01488,1488.0
SensorSystem,Norge,NO,TRØNDELAG,50.0,1.0,2019,2004,16,True,"['01282', '10.249.0.32', 'ENRM']","{'@type': 'Point', 'coordinates': [11.1408, 64.835], 'nearest': False}",['ENRM'],SN75220,4.0,NÆRØYSUND,5060,RØRVIK LUFTHAVN,,Rørvik,['AVINOR'],1989-01-01T00:00:00.000Z,0-20000-0-01282,1282.0
SensorSystem,Norge,NO,MØRE OG ROMSDAL,15.0,1.0,2019,2008,12,True,['01221'],"{'@type': 'Point', 'coordinates': [9.0878, 63.0493], 'nearest': False}",,SN64870,410.0,SURNADAL,1566,TÅGDALEN,,Tågdalen,['VITENSKAPSMUSEET NTNU'],2007-11-21T00:00:00.000Z,0-20000-0-01221,1221.0
SensorSystem,Norge,NO,TROMS OG FINNMARK,54.0,,2010,2010,1,True,['10.249.0.124'],"{'@type': 'Point', 'coordinates': [20.5795, 69.2235], 'nearest': False}",,SN91430,502.0,STORFJORD,5425,RIHPOJAVRI,,Rieppi,['MET.NO'],2003-10-13T00:00:00.000Z,0-578-0-91430,
SensorSystem,Norge,NO,NORDLAND,18.0,1.0,2012,2011,2,True,"['01018', '1018', '157.249.146.50']","{'@type': 'Point', 'coordinates': [16.003, 69.2413], 'nearest': False}",,SN87120,436.0,ANDØY,1871,ANDØYA - TROLLTINDEN,,Trolltinden,['MET.NO'],2007-08-01T00:00:00.000Z,0-20000-0-01018,1018.0
SensorSystem,Norge,NO,INNLANDET,34.0,1.0,2019,2000,20,True,"['01362', '10.249.0.134', '10.249.0.183', '10.249.0.184']","{'@type': 'Point', 'coordinates': [8.369, 61.6775], 'nearest': False}",,SN15270,1894.0,LOM,3434,JUVVASSHØE,,Juvvasshøe,['MET.NO'],1999-09-17T00:00:00.000Z,0-20000-0-01362,1362.0
SensorSystem,Norge,NO,NORDSJØEN,26.0,4.0,2012,2007,3,True,"['1404', 'ENHM', 'LF4H']","{'@type': 'Point', 'coordinates': [2.2273, 59.5742], 'nearest': False}",['ENHM'],SN76932,59.0,NORDSJØEN,2600,HEIMDAL,['LF4H'],Heimdal,['STATOIL ASA'],2003-01-01T00:00:00.000Z,0-578-0-76932,1404.0
SensorSystem,Norge,NO,OSLO,3.0,23.0,2019,1928,66,True,"['01490', '10.249.0.2']","{'@type': 'Point', 'coordinates': [10.6693, 59.9847], 'nearest': False}",,SN18950,514.0,OSLO,301,TRYVANNSHØGDA,,Tryvannshøgda,['MET.NO'],1927-08-01T00:00:00.000Z,0-20000-0-01490,1490.0
SensorSystem,Norge,NO,NORDLAND,18.0,1.0,2019,2003,17,True,"['01107', '10.249.0.180', 'ENRS']","{'@type': 'Point', 'coordinates': [12.1038, 67.5267], 'nearest': False}",['ENRS'],SN85890,4.0,RØST,1856,RØST LUFTHAVN,,Røst,"['AVINOR', 'MET.NO']",1986-07-01T00:00:00.000Z,0-20000-0-01107,1107.0
SensorSystem,Norge,NO,TROMS OG FINNMARK,54.0,2.0,2019,1921,97,True,"['01026', '1']","{'@type': 'Point', 'coordinates': [18.9368, 69.6536], 'nearest': False}",,SN90450,100.0,TROMSØ,5401,TROMSØ,,Tromsø,['MET.NO'],1895-08-01T00:00:00.000Z,0-20000-0-01026,1026.0
SensorSystem,Norge,NO,INNLANDET,34.0,1.0,2019,2010,10,True,"['01387', '1387', '36']","{'@type': 'Point', 'coordinates': [10.1872, 61.4582], 'nearest': False}",,SN13150,200.0,RINGEBU,3439,FÅVANG,,Fåvang,['NIBIO'],2009-11-18T00:00:00.000Z,0-20000-0-01387,1387.0
SensorSystem,Norge,NO,TRØNDELAG,50.0,33.0,2019,1900,87,True,"['01262', '10.249.0.119', '300125061929020']","{'@type': 'Point', 'coordinates': [10.5493, 64.7977], 'nearest': False}",,SN75410,33.0,NÆRØYSUND,5060,NORDØYAN FYR,,Nordøyan fyr,['MET.NO'],1890-12-01T00:00:00.000Z,0-20000-0-01262,1262.0
SensorSystem,Norge,NO,VESTLAND,46.0,2.0,2012,2004,8,True,['01329'],"{'@type': 'Point', 'coordinates': [6.2805, 60.3631], 'nearest': False}",,SN50070,49.0,KVAM,4622,KVAMSØY,,Kvamsøy,['MET.NO'],2003-11-16T00:00:00.000Z,0-20000-0-01329,1329.0
SensorSystem,Norge,NO,INNLANDET,34.0,1.0,2019,1969,51,True,"['01238', '10.249.0.158']","{'@type': 'Point', 'coordinates': [9.2862, 62.1133], 'nearest': False}",,SN16610,973.0,DOVRE,3431,FOKSTUGU,,Fokstugu,['MET.NO'],1968-06-01T00:00:00.000Z,0-20000-0-01238,1238.0
SensorSystem,Norge,NO,NORDLAND,18.0,15.0,2019,1998,8,True,"['01169', '10.249.0.201', '10.249.1.61']","{'@type': 'Point', 'coordinates': [15.3155, 66.9368], 'nearest': False}",,SN81650,39.0,SALTDAL,1840,SALTDAL - NORDNES,,Saltdal,['MET.NO'],1997-06-01T00:00:00.000Z,0-20000-0-01169,1169.0
SensorSystem,Norge,NO,MØRE OG ROMSDAL,15.0,5.0,2019,1979,35,True,"['01212', '10.249.0.231']","{'@type': 'Point', 'coordinates': [6.5378, 62.8585], 'nearest': False}",,SN62480,20.0,ÅLESUND,1507,ONA II,,Ona,['MET.NO'],1978-09-01T00:00:00.000Z,0-20000-0-01212,1212.0
SensorSystem,Norge,NO,MØRE OG ROMSDAL,15.0,2.0,2019,1956,62,True,"['01205', '10.249.1.56']","{'@type': 'Point', 'coordinates': [5.268, 62.3293], 'nearest': False}",,SN59800,38.0,HERØY,1515,SVINØY FYR,,Svinøy fyr,['MET.NO'],1955-06-01T00:00:00.000Z,0-20000-0-01205,1205.0
SensorSystem,Norge,NO,VIKEN,30.0,1.0,1990,1964,27,True,,"{'@type': 'Point', 'coordinates': [8.9478, 60.7188], 'nearest': False}",,SN24960,542.0,GOL,3041,GOL - STAKE,,Gol,['MET.NO'],1963-12-01T00:00:00.000Z,0-578-0-24960,
SensorSystem,Norge,NO,VESTLAND,46.0,2.0,2012,2006,6,True,['01340'],"{'@type': 'Point', 'coordinates': [7.2798, 60.4085], 'nearest': False}",,SN49800,735.0,EIDFJORD,4619,FET I EIDFJORD,,Fet i Eidfjord,['MET.NO'],1884-09-01T00:00:00.000Z,0-20000-0-01340,1340.0
SensorSystem,Norge,NO,TROMS OG FINNMARK,54.0,1.0,2019,2015,5,True,"['01064', '10.249.1.32']","{'@type': 'Point', 'coordinates': [25.346, 69.3003], 'nearest': False}",,SN97710,591.0,KARASJOK,5437,ISKORAS II,,Iškoras ,['MET.NO'],2014-09-15T00:00:00.000Z,0-20000-0-01064,1064.0
SensorSystem,Norge,NO,INNLANDET,34.0,1.0,2012,2007,6,True,['01468'],"{'@type': 'Point', 'coordinates': [12.0067, 60.1903], 'nearest': False}",,SN5590,148.0,KONGSVINGER,3401,KONGSVINGER,,Kongsvinger,['MET.NO'],2006-07-01T00:00:00.000Z,0-20000-0-01468,1468.0
SensorSystem,Norge,NO,NORSKEHAVET,24.0,3.0,2019,1999,15,True,"['1201', 'ENHE', 'LF3N']","{'@type': 'Point', 'coordinates': [7.3156, 65.32285], 'nearest': False}",['ENHE'],SN76928,68.0,NORSKEHAVET,2400,HEIDRUN,['LF3N'],Heidrun,['STATOIL ASA'],1995-10-21T00:00:00.000Z,0-578-0-76928,1201.0
SensorSystem,Norge,NO,TRØNDELAG,50.0,2.0,2019,2008,11,True,"['01291', '10.249.0.77']","{'@type': 'Point', 'coordinates': [12.3837, 64.531], 'nearest': False}",,SN73550,95.0,GRONG,5045,GARTLAND,,Gartland,['BANE NOR'],2007-12-15T00:00:00.000Z,0-20000-0-01291,1291.0
SensorSystem,Norge,NO,NORDLAND,18.0,2.0,2019,1993,26,True,"['01115', '10.249.0.230']","{'@type': 'Point', 'coordinates': [12.486, 66.7628], 'nearest': False}",,SN80610,17.0,RØDØY,1836,MYKEN,,Myken,['MET.NO'],1992-10-15T00:00:00.000Z,0-20000-0-01115,1115.0
SensorSystem,Norge,NO,VESTLAND,46.0,2.0,2019,2006,13,True,"['01307', '10.249.0.205']","{'@type': 'Point', 'coordinates': [4.715, 60.7525], 'nearest': False}",,SN52535,19.0,FEDJE,4633,FEDJE,,Fedje,['MET.NO'],2004-08-23T00:00:00.000Z,0-20000-0-01307,1307.0
SensorSystem,Norge,NO,AGDER,42.0,1.0,2019,2017,3,True,['1439'],"{'@type': 'Point', 'coordinates': [7.4388, 58.2772], 'nearest': False}",,SN41175,280.0,LINDESNES,4205,LAUDAL - KLEIVEN,,Kleiven,['MET.NO'],2016-06-17T00:00:00.000Z,0-20000-0-01439,1439.0
SensorSystem,Norge,NO,VESTFOLD OG TELEMARK,38.0,2.0,2019,2004,15,True,['01476'],"{'@type': 'Point', 'coordinates': [9.5745, 58.8565], 'nearest': False}",,SN34130,3.0,KRAGERØ,3814,JOMFRULAND,,Jomfruland,['MET.NO'],1994-08-24T00:00:00.000Z,0-20000-0-01476,1476.0
